unidade;setor_centro_custo;ano;mes;mp_setor_tasy
CHPB;CAC/CHPB/CHB;2024;9;1,0
CHPB;CAC/CHPB/CHB;2024;11;26,0
CHPB;CAC/CHPB/CHB;2025;1;13,0
CHPB;CAC/CHPB/CHB;2025;10;7,0
CHPB;CAC/CHPB/CHB;2026;2;1,6666666666666667
CHPB;CAC/CHPB/CHB;2026;6;4,5
CHPB;LAR INCLUSIVO A/CHPB/CHB;2025;1;342,0
CHPB;LAR INCLUSIVO A/CHPB/CHB;2025;5;315,0
CHPB;LAR INCLUSIVO A/CHPB/CHB;2025;6;300,0
CHPB;LAR INCLUSIVO A/CHPB/CHB;2025;9;270,0
CHPB;LAR INCLUSIVO A/CHPB/CHB;2026;2;105,5
CHPB;LAR INCLUSIVO A/CHPB/CHB;2026;5;20,714285714285715
CHPB;LAR INCLUSIVO B/CHPB/CHB;2024;11;195,0
CHPB;LAR INCLUSIVO B/CHPB/CHB;2024;12;407,0
CHPB;LAR INCLUSIVO B/CHPB/CHB;2025;1;96,25
CHPB;LAR INCLUSIVO B/CHPB/CHB;2025;3;183,0
CHPB;LAR INCLUSIVO B/CHPB/CHB;2025;4;310,0
CHPB;LAR INCLUSIVO B/CHPB/CHB;2025;5;304,0
CHPB;LAR INCLUSIVO B/CHPB/CHB;2026;3;244,0
CHPB;LAR INCLUSIVO B/CHPB/CHB;2026;5;23,5
CHPB;UIP-FEMININA/CHPB/CHB;2024;7;5,214285714285714
CHPB;UIP-FEMININA/CHPB/CHB;2024;10;329,0
CHPB;UIP-FEMININA/CHPB/CHB;2025;1;28,375
CHPB;UIP-FEMININA/CHPB/CHB;2025;2;27,666666666666668
CHPB;UIP-FEMININA/CHPB/CHB;2025;3;36,54545454545455
CHPB;UIP-FEMININA/CHPB/CHB;2025;4;18,923076923076923
CHPB;UIP-FEMININA/CHPB/CHB;2025;5;32,44444444444444
CHPB;UIP-FEMININA/CHPB/CHB;2025;6;30,363636363636363
CHPB;UIP-FEMININA/CHPB/CHB;2025;7;48,0
CHPB;UIP-FEMININA/CHPB/CHB;2025;8;23,714285714285715
CHPB;UIP-FEMININA/CHPB/CHB;2025;9;32,333333333333336
CHPB;UIP-FEMININA/CHPB/CHB;2025;10;33,125
CHPB;UIP-FEMININA/CHPB/CHB;2025;11;86,33333333333333
CHPB;UIP-FEMININA/CHPB/CHB;2025;12;23,727272727272727
CHPB;UIP-FEMININA/CHPB/CHB;2026;1;26,875
CHPB;UIP-FEMININA/CHPB/CHB;2026;2;18,8
CHPB;UIP-FEMININA/CHPB/CHB;2026;3;27,125
CHPB;UIP-FEMININA/CHPB/CHB;2026;4;22,142857142857142
CHPB;UIP-FEMININA/CHPB/CHB;2026;5;34,666666666666664
CHPB;UIP-FEMININA/CHPB/CHB;2026;6;31,833333333333332
CHPB;UIP-MASCULINA/CHPB/CHB;2024;6;5,363636363636363
CHPB;UIP-MASCULINA/CHPB/CHB;2024;7;27,26923076923077
CHPB;UIP-MASCULINA/CHPB/CHB;2024;11;440,0
CHPB;UIP-MASCULINA/CHPB/CHB;2025;1;28,6
CHPB;UIP-MASCULINA/CHPB/CHB;2025;2;32,125
CHPB;UIP-MASCULINA/CHPB/CHB;2025;3;27,19047619047619
CHPB;UIP-MASCULINA/CHPB/CHB;2025;4;29,3125
CHPB;UIP-MASCULINA/CHPB/CHB;2025;5;29,866666666666667
CHPB;UIP-MASCULINA/CHPB/CHB;2025;6;25,954545454545453
CHPB;UIP-MASCULINA/CHPB/CHB;2025;7;35,583333333333336
CHPB;UIP-MASCULINA/CHPB/CHB;2025;8;34,666666666666664
CHPB;UIP-MASCULINA/CHPB/CHB;2025;9;49,2
CHPB;UIP-MASCULINA/CHPB/CHB;2025;10;30,11111111111111
CHPB;UIP-MASCULINA/CHPB/CHB;2025;11;34,4
CHPB;UIP-MASCULINA/CHPB/CHB;2025;12;53,5
CHPB;UIP-MASCULINA/CHPB/CHB;2026;1;23,65
CHPB;UIP-MASCULINA/CHPB/CHB;2026;2;40,4
CHPB;UIP-MASCULINA/CHPB/CHB;2026;3;25,77777777777778
CHPB;UIP-MASCULINA/CHPB/CHB;2026;4;35,0
CHPB;UIP-MASCULINA/CHPB/CHB;2026;5;36,09090909090909
CHPB;UIP-MASCULINA/CHPB/CHB;2026;6;25,5
CHPB;UNIDADE DE CUIDADOS PROLONGADOS/CHPB/CHB;2024;7;728,0
CHPB;UNIDADE DE CUIDADOS PROLONGADOS/CHPB/CHB;2024;9;356,0
CHPB;UNIDADE DE CUIDADOS PROLONGADOS/CHPB/CHB;2025;1;46,4375
CHPB;UNIDADE DE CUIDADOS PROLONGADOS/CHPB/CHB;2025;2;39,8235294117647
CHPB;UNIDADE DE CUIDADOS PROLONGADOS/CHPB/CHB;2025;3;41,44444444444444
CHPB;UNIDADE DE CUIDADOS PROLONGADOS/CHPB/CHB;2025;4;26,695652173913043
CHPB;UNIDADE DE CUIDADOS PROLONGADOS/CHPB/CHB;2025;5;27,863636363636363
CHPB;UNIDADE DE CUIDADOS PROLONGADOS/CHPB/CHB;2025;6;32,285714285714285
CHPB;UNIDADE DE CUIDADOS PROLONGADOS/CHPB/CHB;2025;7;25,153846153846153
CHPB;UNIDADE DE CUIDADOS PROLONGADOS/CHPB/CHB;2025;8;35,4
CHPB;UNIDADE DE CUIDADOS PROLONGADOS/CHPB/CHB;2025;9;38,875
CHPB;UNIDADE DE CUIDADOS PROLONGADOS/CHPB/CHB;2025;10;40,72222222222222
CHPB;UNIDADE DE CUIDADOS PROLONGADOS/CHPB/CHB;2025;11;46,6
CHPB;UNIDADE DE CUIDADOS PROLONGADOS/CHPB/CHB;2025;12;33,857142857142854
CHPB;UNIDADE DE CUIDADOS PROLONGADOS/CHPB/CHB;2026;1;39,94444444444444
CHPB;UNIDADE DE CUIDADOS PROLONGADOS/CHPB/CHB;2026;2;33,75
CHPB;UNIDADE DE CUIDADOS PROLONGADOS/CHPB/CHB;2026;3;23,107142857142858
CHPB;UNIDADE DE CUIDADOS PROLONGADOS/CHPB/CHB;2026;4;24,14814814814815
CHPB;UNIDADE DE CUIDADOS PROLONGADOS/CHPB/CHB;2026;5;46,4375
CHPB;UNIDADE DE CUIDADOS PROLONGADOS/CHPB/CHB;2026;6;29,583333333333332
CSPD;UNIDADE DE INTERNAÇÃO DE CUIDADOS PROLONGADOS;2023;11;25,875
CSPD;UNIDADE DE INTERNAÇÃO DE CUIDADOS PROLONGADOS;2023;12;66,3076923076923
CSPD;UNIDADE DE INTERNAÇÃO DE CUIDADOS PROLONGADOS;2024;1;33,69230769230769
CSPD;UNIDADE DE INTERNAÇÃO DE CUIDADOS PROLONGADOS;2024;2;21,323529411764707
CSPD;UNIDADE DE INTERNAÇÃO DE CUIDADOS PROLONGADOS;2024;3;21,513513513513512
CSPD;UNIDADE DE INTERNAÇÃO DE CUIDADOS PROLONGADOS;2024;4;22,91111111111111
CSPD;UNIDADE DE INTERNAÇÃO DE CUIDADOS PROLONGADOS;2024;5;50,04761904761905
CSPD;UNIDADE DE INTERNAÇÃO DE CUIDADOS PROLONGADOS;2024;6;50,15
CSPD;UNIDADE DE INTERNAÇÃO DE CUIDADOS PROLONGADOS;2024;7;175,16666666666666
CSSFE;UNIDADE DE CUIDADOS PROLONGADOS;2023;12;29,333333333333332
CSSFE;UNIDADE DE CUIDADOS PROLONGADOS;2024;1;45,25
CSSFE;UNIDADE DE CUIDADOS PROLONGADOS;2024;2;17,11111111111111
CSSFE;UNIDADE DE CUIDADOS PROLONGADOS;2024;3;18,833333333333332
CSSFE;UNIDADE DE CUIDADOS PROLONGADOS;2024;4;14,0
CSSFE;UNIDADE DE CUIDADOS PROLONGADOS;2024;5;96,0
CSSFE;UNIDADE DE CUIDADOS PROLONGADOS;2024;6;183,0
CSSFE;UNIDADE DE CUIDADOS PROLONGADOS;2024;7;37,8
CSSFE;UNIDADE DE CUIDADOS PROLONGADOS;2024;8;181,0
CSSFE;UNIDADE DE CUIDADOS PROLONGADOS;2024;9;45,0
CSSFE;UNIDADE DE CUIDADOS PROLONGADOS;2024;10;53,0
CSSFE;UNIDADE DE CUIDADOS PROLONGADOS;2025;1;19,625
CSSFE;UNIDADE DE CUIDADOS PROLONGADOS;2025;2;6,0
CSSFE;UNIDADE DE INTERNAÇÃO - CLÍNICA MÉDICA;2023;12;226,0
CSSFE;UNIDADE DE INTERNAÇÃO - CLÍNICA MÉDICA;2024;1;60,0
CSSFE;UNIDADE DE INTERNAÇÃO - CLÍNICA MÉDICA;2024;2;19,846153846153847
CSSFE;UNIDADE DE INTERNAÇÃO - CLÍNICA MÉDICA;2024;3;29,7
CSSFE;UNIDADE DE INTERNAÇÃO - CLÍNICA MÉDICA;2024;4;56,2
CSSFE;UNIDADE DE INTERNAÇÃO - CLÍNICA MÉDICA;2024;5;55,75
CSSFE;UNIDADE DE INTERNAÇÃO - CLÍNICA MÉDICA;2024;6;19,5
CSSFE;UNIDADE DE INTERNAÇÃO - CLÍNICA MÉDICA;2024;7;47,25
CSSFE;UNIDADE DE INTERNAÇÃO - CLÍNICA MÉDICA;2024;8;128,0
CSSFE;UNIDADE DE INTERNAÇÃO - CLÍNICA MÉDICA;2024;9;58,5
CSSFE;UNIDADE DE INTERNAÇÃO - CLÍNICA MÉDICA;2024;10;228,0
CSSFE;UNIDADE DE INTERNAÇÃO - CLÍNICA MÉDICA;2024;12;61,333333333333336
CSSFE;UNIDADE DE INTERNAÇÃO - CLÍNICA MÉDICA;2025;1;34,166666666666664
CSSFE;UNIDADE DE INTERNAÇÃO - CLÍNICA MÉDICA;2025;2;6,714285714285714
CSSI;CLINICA MEDICA ALA A;2023;10;7,6875
CSSI;CLINICA MEDICA ALA A;2023;11;11,11111111111111
CSSI;CLINICA MEDICA ALA A;2023;12;10,23076923076923
CSSI;CLINICA MEDICA ALA A;2024;1;22,285714285714285
CSSI;CLINICA MEDICA ALA A;2024;2;8,8125
CSSI;CLINICA MEDICA ALA A;2024;3;13,0
CSSI;CLINICA MEDICA ALA A;2024;4;17,375
CSSI;CLINICA MEDICA ALA A;2024;5;5,357142857142857
CSSI;CLINICA MEDICA ALA A;2025;8;1,8181818181818181
CSSI;CLINICA MEDICA ALA A;2025;9;2,95
CSSI;CLINICA MEDICA ALA A;2025;10;5,454545454545454
CSSI;CLINICA MEDICA ALA A;2025;11;5,166666666666667
CSSI;CLINICA MEDICA ALA A;2025;12;6,75
CSSI;CLINICA MEDICA ALA A;2026;1;4,882352941176471
CSSI;CLINICA MEDICA ALA A;2026;2;6,0
CSSI;CLINICA MEDICA ALA A;2026;3;3,2857142857142856
CSSI;CLINICA MEDICA ALA A;2026;4;4,75
CSSI;CLINICA MEDICA ALA A;2026;5;3,066666666666667
CSSI;CLINICA MEDICA ALA A;2026;6;3,142857142857143
CSSI;CLÍNICA MÉDICA ALA B;2023;11;5,5
CSSI;CLÍNICA MÉDICA ALA B;2024;2;6,0
CSSI;CLÍNICA MÉDICA ALA B;2024;3;13,5
CSSI;CLÍNICA MÉDICA ALA B;2024;4;8,0
CSSI;CLÍNICA MÉDICA ALA B;2024;6;7,0
CSSI;CLÍNICA MÉDICA ALA B;2024;7;5,0
CSSI;CLÍNICA MÉDICA ALA B;2024;10;6,333333333333333
CSSI;CLÍNICA MÉDICA ALA B;2025;2;4,0
CSSI;CLÍNICA MÉDICA ALA B;2025;7;3,0
CSSI;CLÍNICA MÉDICA ALA B;2025;8;2,5714285714285716
CSSI;CLÍNICA MÉDICA ALA B;2025;11;3,0
CSSI;CLÍNICA MÉDICA ALA B;2025;12;2,25
CSSI;CLÍNICA MÉDICA ALA B;2026;1;1,5
CSSI;CLÍNICA MÉDICA ALA B;2026;2;4,0
CSSI;CLÍNICA MÉDICA ALA B;2026;3;1,0
CSSI;CLÍNICA MÉDICA ALA B;2026;4;1,3333333333333333
CSSI;CLÍNICA MÉDICA ALA B;2026;5;2,6
CSSI;CLÍNICA MÉDICA ALA C;2023;9;6,166666666666667
CSSI;CLÍNICA MÉDICA ALA C;2023;10;6,173076923076923
CSSI;CLÍNICA MÉDICA ALA C;2023;11;5,486111111111111
CSSI;CLÍNICA MÉDICA ALA C;2023;12;4,666666666666667
CSSI;CLÍNICA MÉDICA ALA C;2024;1;5,194444444444445
CSSI;CLÍNICA MÉDICA ALA C;2024;2;4,1375
CSSI;CLÍNICA MÉDICA ALA C;2024;3;5,041666666666667
CSSI;CLÍNICA MÉDICA ALA C;2024;4;4,4605263157894735
CSSI;CLÍNICA MÉDICA ALA C;2024;5;5,384615384615385
CSSI;CLÍNICA MÉDICA ALA C;2024;6;4,038461538461538
CSSI;CLÍNICA MÉDICA ALA C;2024;7;5,553191489361702
CSSI;CLÍNICA MÉDICA ALA C;2024;8;8,75
CSSI;CLÍNICA MÉDICA ALA C;2024;9;9,129032258064516
CSSI;CLÍNICA MÉDICA ALA C;2024;10;11,206896551724139
CSSI;CLÍNICA MÉDICA ALA C;2024;11;18,105263157894736
CSSI;CLÍNICA MÉDICA ALA C;2024;12;16,095238095238095
CSSI;CLÍNICA MÉDICA ALA C;2025;1;5,294117647058823
CSSI;CLÍNICA MÉDICA ALA C;2025;2;5,352941176470588
CSSI;CLÍNICA MÉDICA ALA C;2025;3;4,172839506172839
CSSI;CLÍNICA MÉDICA ALA C;2025;4;4,563380281690141
CSSI;CLÍNICA MÉDICA ALA C;2025;5;5,781818181818182
CSSI;CLÍNICA MÉDICA ALA C;2025;6;5,174603174603175
CSSI;CLÍNICA MÉDICA ALA C;2025;7;5,333333333333333
CSSI;CLÍNICA MÉDICA ALA C;2025;8;5,65
CSSI;CLÍNICA MÉDICA ALA C;2025;9;6,2894736842105265
CSSI;CLÍNICA MÉDICA ALA C;2025;10;4,532258064516129
CSSI;CLÍNICA MÉDICA ALA C;2025;11;5,981132075471698
CSSI;CLÍNICA MÉDICA ALA C;2025;12;6,381818181818182
CSSI;CLÍNICA MÉDICA ALA C;2026;1;6,016666666666667
CSSI;CLÍNICA MÉDICA ALA C;2026;2;4,2272727272727275
CSSI;CLÍNICA MÉDICA ALA C;2026;3;4,126760563380282
CSSI;CLÍNICA MÉDICA ALA C;2026;4;4,758620689655173
CSSI;CLÍNICA MÉDICA ALA C;2026;5;4,82
CSSI;CLÍNICA MÉDICA ALA C;2026;6;4,0476190476190474
CSSI;UNIDADE DE CUIDADOS PROLONGADOS - ALA A;2024;5;12,4
CSSI;UNIDADE DE CUIDADOS PROLONGADOS - ALA A;2024;6;19,0
CSSI;UNIDADE DE CUIDADOS PROLONGADOS - ALA A;2024;7;13,25
CSSI;UNIDADE DE CUIDADOS PROLONGADOS - ALA A;2024;8;20,0
CSSI;UNIDADE DE CUIDADOS PROLONGADOS - ALA A;2024;9;28,8
CSSI;UNIDADE DE CUIDADOS PROLONGADOS - ALA A;2024;10;17,333333333333332
CSSI;UNIDADE DE CUIDADOS PROLONGADOS - ALA A;2024;11;56,666666666666664
CSSI;UNIDADE DE CUIDADOS PROLONGADOS - ALA A;2024;12;36,0
CSSI;UNIDADE DE CUIDADOS PROLONGADOS - ALA A;2025;1;8,277777777777779
CSSI;UNIDADE DE CUIDADOS PROLONGADOS - ALA A;2025;2;7,294117647058823
CSSI;UNIDADE DE CUIDADOS PROLONGADOS - ALA A;2025;3;9,947368421052632
CSSI;UNIDADE DE CUIDADOS PROLONGADOS - ALA A;2025;4;4,909090909090909
CSSI;UNIDADE DE CUIDADOS PROLONGADOS - ALA A;2025;6;12,181818181818182
CSSI;UNIDADE DE CUIDADOS PROLONGADOS - ALA A;2025;7;10,0
CSSI;UNIDADE DE CUIDADOS PROLONGADOS - ALA A;2025;8;0,25
CSSI;UNIDADE DE CUIDADOS PROLONGADOS - ALA A;2025;9;11,166666666666666
CSSI;UNIDADE DE CUIDADOS PROLONGADOS - ALA A;2025;10;19,555555555555557
CSSI;UNIDADE DE CUIDADOS PROLONGADOS - ALA A;2025;11;17,11111111111111
CSSI;UNIDADE DE CUIDADOS PROLONGADOS - ALA A;2025;12;149,0
CSSI;UNIDADE DE CUIDADOS PROLONGADOS - ALA A;2026;1;16,875
CSSI;UNIDADE DE CUIDADOS PROLONGADOS - ALA A;2026;2;7,529411764705882
CSSI;UNIDADE DE CUIDADOS PROLONGADOS - ALA A;2026;3;10,214285714285714
CSSI;UNIDADE DE CUIDADOS PROLONGADOS - ALA A;2026;4;14,1
CSSI;UNIDADE DE CUIDADOS PROLONGADOS - ALA A;2026;5;34,6
CSSI;UNIDADE DE CUIDADOS PROLONGADOS - ALA A;2026;6;13,818181818181818
CSSI;UNIDADE DE CUIDADOS PROLONGADOS - ALA B;2023;9;22,0
CSSI;UNIDADE DE CUIDADOS PROLONGADOS - ALA B;2023;10;38,333333333333336
CSSI;UNIDADE DE CUIDADOS PROLONGADOS - ALA B;2023;11;6,615384615384615
CSSI;UNIDADE DE CUIDADOS PROLONGADOS - ALA B;2023;12;7,411764705882353
CSSI;UNIDADE DE CUIDADOS PROLONGADOS - ALA B;2024;1;16,88888888888889
CSSI;UNIDADE DE CUIDADOS PROLONGADOS - ALA B;2024;2;24,833333333333332
CSSI;UNIDADE DE CUIDADOS PROLONGADOS - ALA B;2024;3;12,454545454545455
CSSI;UNIDADE DE CUIDADOS PROLONGADOS - ALA B;2024;4;16,25
CSSI;UNIDADE DE CUIDADOS PROLONGADOS - ALA B;2024;5;34,5
CSSI;UNIDADE DE CUIDADOS PROLONGADOS - ALA B;2024;6;24,142857142857142
CSSI;UNIDADE DE CUIDADOS PROLONGADOS - ALA B;2024;7;30,5
CSSI;UNIDADE DE CUIDADOS PROLONGADOS - ALA B;2024;8;45,0
CSSI;UNIDADE DE CUIDADOS PROLONGADOS - ALA B;2024;9;15,666666666666666
CSSI;UNIDADE DE CUIDADOS PROLONGADOS - ALA B;2024;10;14,090909090909092
CSSI;UNIDADE DE CUIDADOS PROLONGADOS - ALA B;2024;11;39,0
CSSI;UNIDADE DE CUIDADOS PROLONGADOS - ALA B;2024;12;28,333333333333332
CSSI;UNIDADE DE CUIDADOS PROLONGADOS - ALA B;2025;1;9,588235294117647
CSSI;UNIDADE DE CUIDADOS PROLONGADOS - ALA B;2025;2;12,153846153846153
CSSI;UNIDADE DE CUIDADOS PROLONGADOS - ALA B;2025;3;2,625
CSSI;UNIDADE DE CUIDADOS PROLONGADOS - ALA B;2025;4;9,0
CSSI;UNIDADE DE CUIDADOS PROLONGADOS - ALA B;2025;5;16,692307692307693
CSSI;UNIDADE DE CUIDADOS PROLONGADOS - ALA B;2025;6;13,76923076923077
CSSI;UNIDADE DE CUIDADOS PROLONGADOS - ALA B;2025;7;25,0
CSSI;UNIDADE DE CUIDADOS PROLONGADOS - ALA B;2025;8;13,133333333333333
CSSI;UNIDADE DE CUIDADOS PROLONGADOS - ALA B;2025;9;12,714285714285714
CSSI;UNIDADE DE CUIDADOS PROLONGADOS - ALA B;2025;10;29,5
CSSI;UNIDADE DE CUIDADOS PROLONGADOS - ALA B;2025;11;19,125
CSSI;UNIDADE DE CUIDADOS PROLONGADOS - ALA B;2025;12;15,5
CSSI;UNIDADE DE CUIDADOS PROLONGADOS - ALA B;2026;1;20,125
CSSI;UNIDADE DE CUIDADOS PROLONGADOS - ALA B;2026;2;25,0
CSSI;UNIDADE DE CUIDADOS PROLONGADOS - ALA B;2026;3;21,75
CSSI;UNIDADE DE CUIDADOS PROLONGADOS - ALA B;2026;4;16,4
CSSI;UNIDADE DE CUIDADOS PROLONGADOS - ALA B;2026;5;9,0625
CSSI;UNIDADE DE CUIDADOS PROLONGADOS - ALA B;2026;6;24,714285714285715
CSSI;UNIDADE URGÊNCIA/EMERGÊNCIA - OBSERVAÇÃO;2023;10;0,6666666666666666
CSSI;UNIDADE URGÊNCIA/EMERGÊNCIA - OBSERVAÇÃO;2023;11;1,0
CSSI;UNIDADE URGÊNCIA/EMERGÊNCIA - OBSERVAÇÃO;2023;12;3,4
CSSI;UNIDADE URGÊNCIA/EMERGÊNCIA - OBSERVAÇÃO;2024;1;0,29411764705882354
CSSI;UNIDADE URGÊNCIA/EMERGÊNCIA - OBSERVAÇÃO;2024;2;2,75
CSSI;UNIDADE URGÊNCIA/EMERGÊNCIA - OBSERVAÇÃO;2024;3;1,04
CSSI;UNIDADE URGÊNCIA/EMERGÊNCIA - OBSERVAÇÃO;2024;4;4,142857142857143
CSSI;UNIDADE URGÊNCIA/EMERGÊNCIA - OBSERVAÇÃO;2024;5;4,0
CSSI;UNIDADE URGÊNCIA/EMERGÊNCIA - OBSERVAÇÃO;2024;6;0,4117647058823529
CSSI;UNIDADE URGÊNCIA/EMERGÊNCIA - OBSERVAÇÃO;2024;11;0,2222222222222222
CSSI;UNIDADE URGÊNCIA/EMERGÊNCIA - OBSERVAÇÃO;2024;12;0,16666666666666666
CSSI;UNIDADE URGÊNCIA/EMERGÊNCIA - OBSERVAÇÃO;2025;1;0,9473684210526315
CSSI;UNIDADE URGÊNCIA/EMERGÊNCIA - OBSERVAÇÃO;2025;2;0,8913043478260869
CSSI;UNIDADE URGÊNCIA/EMERGÊNCIA - OBSERVAÇÃO;2025;3;1,1515151515151516
CSSI;UNIDADE URGÊNCIA/EMERGÊNCIA - OBSERVAÇÃO;2025;4;2,75
CSSI;UNIDADE URGÊNCIA/EMERGÊNCIA - OBSERVAÇÃO;2025;6;6,666666666666667
CSSI;UNIDADE URGÊNCIA/EMERGÊNCIA - OBSERVAÇÃO;2025;7;8,083333333333334
CSSI;UNIDADE URGÊNCIA/EMERGÊNCIA - OBSERVAÇÃO;2025;8;3,8205128205128207
CSSI;UNIDADE URGÊNCIA/EMERGÊNCIA - OBSERVAÇÃO;2025;9;3,825
CSSI;UNIDADE URGÊNCIA/EMERGÊNCIA - OBSERVAÇÃO;2025;10;12,0
CSSI;UNIDADE URGÊNCIA/EMERGÊNCIA - OBSERVAÇÃO;2025;11;5,55
CSSI;UNIDADE URGÊNCIA/EMERGÊNCIA - OBSERVAÇÃO;2025;12;2,6875
CSSI;UNIDADE URGÊNCIA/EMERGÊNCIA - OBSERVAÇÃO;2026;1;1,3018867924528301
CSSI;UNIDADE URGÊNCIA/EMERGÊNCIA - OBSERVAÇÃO;2026;2;0,9
CSSI;UNIDADE URGÊNCIA/EMERGÊNCIA - OBSERVAÇÃO;2026;3;1,069767441860465
CSSI;UNIDADE URGÊNCIA/EMERGÊNCIA - OBSERVAÇÃO;2026;4;1,1025641025641026
CSSI;UNIDADE URGÊNCIA/EMERGÊNCIA - OBSERVAÇÃO;2026;5;0,5
CSSI;UNIDADE URGÊNCIA/EMERGÊNCIA - OBSERVAÇÃO;2026;6;0,64
CSSI;UNIDADES DE CUIDADOS PROLONGADOS - UCP;2023;9;22,75
CSSI;UNIDADES DE CUIDADOS PROLONGADOS - UCP;2023;10;18,375
CSSI;UNIDADES DE CUIDADOS PROLONGADOS - UCP;2023;11;41,07692307692308
CSSI;UNIDADES DE CUIDADOS PROLONGADOS - UCP;2023;12;18,76
CSSI;UNIDADES DE CUIDADOS PROLONGADOS - UCP;2024;1;43,916666666666664
CSSI;UNIDADES DE CUIDADOS PROLONGADOS - UCP;2024;2;17,129032258064516
CSSI;UNIDADES DE CUIDADOS PROLONGADOS - UCP;2024;3;21,466666666666665
CSSI;UNIDADES DE CUIDADOS PROLONGADOS - UCP;2024;4;44,61538461538461
CSSI;UNIDADES DE CUIDADOS PROLONGADOS - UCP;2024;5;144,75
CSSI;UNIDADES DE CUIDADOS PROLONGADOS - UCP;2024;6;60,7
CSSI;UNIDADES DE CUIDADOS PROLONGADOS - UCP;2024;7;64,4
CSSI;UNIDADES DE CUIDADOS PROLONGADOS - UCP;2024;8;110,16666666666667
CSSI;UNIDADES DE CUIDADOS PROLONGADOS - UCP;2024;9;73,625
CSSI;UNIDADES DE CUIDADOS PROLONGADOS - UCP;2024;10;99,0
CSSI;UNIDADES DE CUIDADOS PROLONGADOS - UCP;2024;11;222,66666666666666
CSSI;UNIDADES DE CUIDADOS PROLONGADOS - UCP;2024;12;172,75
CSSI;UNIDADES DE CUIDADOS PROLONGADOS - UCP;2025;1;39,0
CSSI;UNIDADES DE CUIDADOS PROLONGADOS - UCP;2025;2;50,916666666666664
CSSI;UNIDADES DE CUIDADOS PROLONGADOS - UCP;2025;3;47,333333333333336
CSSI;UNIDADES DE CUIDADOS PROLONGADOS - UCP;2025;4;41,75
CSSI;UNIDADES DE CUIDADOS PROLONGADOS - UCP;2025;5;36,26315789473684
CSSI;UNIDADES DE CUIDADOS PROLONGADOS - UCP;2025;6;66,0909090909091
CSSI;UNIDADES DE CUIDADOS PROLONGADOS - UCP;2025;7;57,5
CSSI;UNIDADES DE CUIDADOS PROLONGADOS - UCP;2025;8;43,666666666666664
CSSI;UNIDADES DE CUIDADOS PROLONGADOS - UCP;2025;9;42,266666666666666
CSSI;UNIDADES DE CUIDADOS PROLONGADOS - UCP;2025;10;60,0
CSSI;UNIDADES DE CUIDADOS PROLONGADOS - UCP;2025;11;59,3
CSSI;UNIDADES DE CUIDADOS PROLONGADOS - UCP;2025;12;104,33333333333333
CSSI;UNIDADES DE CUIDADOS PROLONGADOS - UCP;2026;1;52,75
CSSI;UNIDADES DE CUIDADOS PROLONGADOS - UCP;2026;2;67,125
CSSI;UNIDADES DE CUIDADOS PROLONGADOS - UCP;2026;3;86,625
CSSI;UNIDADES DE CUIDADOS PROLONGADOS - UCP;2026;4;52,38461538461539
CSSI;UNIDADES DE CUIDADOS PROLONGADOS - UCP;2026;5;93,75
CSSI;UNIDADES DE CUIDADOS PROLONGADOS - UCP;2026;6;63,09090909090909
HAC;CTI ADULTO;2025;10;4,771428571428571
HAC;CTI ADULTO;2025;11;8,485714285714286
HAC;CTI ADULTO;2025;12;9,181818181818182
HAC;CTI ADULTO;2026;1;5,351851851851852
HAC;CTI ADULTO;2026;2;6,044444444444444
HAC;CTI ADULTO;2026;3;5,8076923076923075
HAC;CTI ADULTO;2026;4;4,507936507936508
HAC;CTI ADULTO;2026;5;6,333333333333333
HAC;CTI ADULTO;2026;6;4,68
HAC;UDC - OBSERVAÇÃO;2025;10;0,5
HAC;UDC - OBSERVAÇÃO;2025;11;0,8589743589743589
HAC;UDC - OBSERVAÇÃO;2025;12;1,0888888888888888
HAC;UDC - OBSERVAÇÃO;2026;1;1,0
HAC;UDC - OBSERVAÇÃO;2026;2;0,49295774647887325
HAC;UDC - OBSERVAÇÃO;2026;3;0,8796296296296297
HAC;UDC - OBSERVAÇÃO;2026;4;0,9090909090909091
HAC;UDC - OBSERVAÇÃO;2026;5;1,096774193548387
HAC;UDC - OBSERVAÇÃO;2026;6;0,7647058823529411
HAC;UNIDADE DE INTERNAÇÃO - CLÍNICA CIRÚRGICA;2025;10;4,434210526315789
HAC;UNIDADE DE INTERNAÇÃO - CLÍNICA CIRÚRGICA;2025;11;4,533898305084746
HAC;UNIDADE DE INTERNAÇÃO - CLÍNICA CIRÚRGICA;2025;12;4,03030303030303
HAC;UNIDADE DE INTERNAÇÃO - CLÍNICA CIRÚRGICA;2026;1;4,216
HAC;UNIDADE DE INTERNAÇÃO - CLÍNICA CIRÚRGICA;2026;2;5,1683168316831685
HAC;UNIDADE DE INTERNAÇÃO - CLÍNICA CIRÚRGICA;2026;3;3,4935897435897436
HAC;UNIDADE DE INTERNAÇÃO - CLÍNICA CIRÚRGICA;2026;4;4,038167938931298
HAC;UNIDADE DE INTERNAÇÃO - CLÍNICA CIRÚRGICA;2026;5;5,078947368421052
HAC;UNIDADE DE INTERNAÇÃO - CLÍNICA CIRÚRGICA;2026;6;4,341085271317829
HAC;UNIDADE DE INTERNAÇÃO - CLÍNICA MÉDICA;2025;10;6,027777777777778
HAC;UNIDADE DE INTERNAÇÃO - CLÍNICA MÉDICA;2025;11;7,053921568627451
HAC;UNIDADE DE INTERNAÇÃO - CLÍNICA MÉDICA;2025;12;7,638743455497382
HAC;UNIDADE DE INTERNAÇÃO - CLÍNICA MÉDICA;2026;1;7,525252525252525
HAC;UNIDADE DE INTERNAÇÃO - CLÍNICA MÉDICA;2026;2;7,592178770949721
HAC;UNIDADE DE INTERNAÇÃO - CLÍNICA MÉDICA;2026;3;6,939698492462312
HAC;UNIDADE DE INTERNAÇÃO - CLÍNICA MÉDICA;2026;4;6,504545454545455
HAC;UNIDADE DE INTERNAÇÃO - CLÍNICA MÉDICA;2026;5;6,578947368421052
HAC;UNIDADE DE INTERNAÇÃO - CLÍNICA MÉDICA;2026;6;6,622727272727273
HCM;UCC - ALA C;2025;11;1,5
HCM;UCC - ALA C;2025;12;1,5
HCM;UCC - ALA C;2026;1;1,1538461538461537
HCM;UCC - ALA C;2026;2;3,5454545454545454
HCM;UCC - ALA C;2026;3;1,3953488372093024
HCM;UCC - ALA C;2026;4;1,2307692307692308
HCM;UCC - ALA C;2026;5;1,3255813953488371
HCM;UCC - ALA C;2026;6;1,25
HCM;UICP - ALA A;2025;11;45,666666666666664
HCM;UICP - ALA A;2025;12;68,66666666666667
HCM;UICP - ALA A;2026;1;126,2
HCM;UICP - ALA A;2026;2;191,66666666666666
HCM;UICP - ALA A;2026;3;92,57142857142857
HCM;UICP - ALA A;2026;4;78,0
HCM;UICP - ALA A;2026;5;128,0
HCM;UICP - ALA A;2026;6;40,666666666666664
HCM;UICP - ALA B;2025;11;56,5
HCM;UICP - ALA B;2025;12;62,25
HCM;UICP - ALA B;2026;1;159,0
HCM;UICP - ALA B;2026;2;92,4
HCM;UICP - ALA B;2026;3;126,75
HCM;UICP - ALA B;2026;4;61,75
HCM;UICP - ALA B;2026;5;262,0
HCM;UICP - ALA B;2026;6;84,16666666666667
HCM;UICP - ALA C;2025;12;91,5
HCM;UICP - ALA C;2026;6;19,666666666666668
HEM;ALA A;2025;6;11,32
HEM;ALA A;2025;7;8,383838383838384
HEM;ALA A;2025;8;9,819277108433734
HEM;ALA A;2025;9;7,555555555555555
HEM;ALA A;2025;10;8,68131868131868
HEM;ALA A;2025;11;11,132352941176471
HEM;ALA A;2025;12;8,777777777777779
HEM;ALA A;2026;1;10,405063291139241
HEM;ALA A;2026;2;9,573333333333334
HEM;ALA A;2026;3;8,135416666666666
HEM;ALA A;2026;4;7,569767441860465
HEM;ALA A;2026;5;8,571428571428571
HEM;ALA A;2026;6;7,831460674157303
HEM;ALA C;2025;6;9,206349206349206
HEM;ALA C;2025;7;8,966666666666667
HEM;ALA C;2025;8;9,087912087912088
HEM;ALA C;2025;9;8,009803921568627
HEM;ALA C;2025;10;8,608695652173912
HEM;ALA C;2025;11;9,662650602409638
HEM;ALA C;2025;12;8,36046511627907
HEM;ALA C;2026;1;9,369047619047619
HEM;ALA C;2026;2;10,753623188405797
HEM;ALA C;2026;3;9,454545454545455
HEM;ALA C;2026;4;8,964285714285714
HEM;ALA C;2026;5;7,958762886597938
HEM;ALA C;2026;6;8,411111111111111
HEM;ALA D;2025;6;5,463414634146342
HEM;ALA D;2025;7;8,13953488372093
HEM;ALA D;2025;8;7,23404255319149
HEM;ALA D;2025;9;5,859649122807017
HEM;ALA D;2025;10;5,6440677966101696
HEM;ALA D;2025;11;5,296296296296297
HEM;ALA D;2025;12;5,5
HEM;ALA D;2026;1;5,866666666666666
HEM;ALA D;2026;2;6,972972972972973
HEM;ALA D;2026;3;6,041666666666667
HEM;ALA D;2026;4;7,238095238095238
HEM;ALA D;2026;5;5,226415094339623
HEM;ALA D;2026;6;5,872340425531915
HEM;CTI - ADULTO;2025;6;6,487179487179487
HEM;CTI - ADULTO;2025;7;6,666666666666667
HEM;CTI - ADULTO;2025;8;8,481481481481481
HEM;CTI - ADULTO;2025;9;6,547169811320755
HEM;CTI - ADULTO;2025;10;5,955555555555556
HEM;CTI - ADULTO;2025;11;7,96969696969697
HEM;CTI - ADULTO;2025;12;6,738095238095238
HEM;CTI - ADULTO;2026;1;7,2631578947368425
HEM;CTI - ADULTO;2026;2;8,366666666666667
HEM;CTI - ADULTO;2026;3;8,057142857142857
HEM;CTI - ADULTO;2026;4;7,102564102564102
HEM;CTI - ADULTO;2026;5;8,432432432432432
HEM;CTI - ADULTO;2026;6;6,222222222222222
HJK;ALOJAMENTO CONJUNTO;2026;2;12,319148936170214
HJK;ALOJAMENTO CONJUNTO;2026;3;2,3392226148409896
HJK;ALOJAMENTO CONJUNTO;2026;4;2,205223880597015
HJK;ALOJAMENTO CONJUNTO;2026;5;2,3295454545454546
HJK;ALOJAMENTO CONJUNTO;2026;6;2,191637630662021
HJK;CLINICA CIRÚRGICA - ALA A;2026;2;2,923076923076923
HJK;CLINICA CIRÚRGICA - ALA A;2026;3;4,252918287937743
HJK;CLINICA CIRÚRGICA - ALA A;2026;4;4,477178423236515
HJK;CLINICA CIRÚRGICA - ALA A;2026;5;4,0285714285714285
HJK;CLINICA CIRÚRGICA - ALA A;2026;6;4,304878048780488
HJK;CLINICA MEDICA - ALA C;2026;2;6,184210526315789
HJK;CLINICA MEDICA - ALA C;2026;3;9,296774193548387
HJK;CLINICA MEDICA - ALA C;2026;4;10,082758620689654
HJK;CLINICA MEDICA - ALA C;2026;5;8,798850574712644
HJK;CLINICA MEDICA - ALA C;2026;6;9,415584415584416
HJK;CLINICA MÉDICA - ALA E;2026;2;6,583333333333333
HJK;CLINICA MÉDICA - ALA E;2026;3;8,649572649572649
HJK;CLINICA MÉDICA - ALA E;2026;4;9,817307692307692
HJK;CLINICA MÉDICA - ALA E;2026;5;8,148760330578513
HJK;CLINICA MÉDICA - ALA E;2026;6;7,982608695652174
HJK;CLINICA MÉDICA - ALA G;2026;2;3,3333333333333335
HJK;CLINICA MÉDICA - ALA G;2026;3;9,0
HJK;CLINICA MÉDICA - ALA G;2026;4;11,241935483870968
HJK;CLINICA MÉDICA - ALA G;2026;5;10,373134328358208
HJK;CLINICA MÉDICA - ALA G;2026;6;9,803030303030303
HJK;CLINICA PNEUMOLÓGICA - ALA D;2026;2;6,117647058823529
HJK;CLINICA PNEUMOLÓGICA - ALA D;2026;3;10,404580152671755
HJK;CLINICA PNEUMOLÓGICA - ALA D;2026;4;9,423357664233576
HJK;CLINICA PNEUMOLÓGICA - ALA D;2026;5;8,366459627329192
HJK;CLINICA PNEUMOLÓGICA - ALA D;2026;6;9,407142857142857
HJK;CLINICA TISIOLÓGICA - ALA G;2026;2;2,769230769230769
HJK;CLINICA TISIOLÓGICA - ALA G;2026;3;22,416666666666668
HJK;CLINICA TISIOLÓGICA - ALA G;2026;4;18,214285714285715
HJK;CLINICA TISIOLÓGICA - ALA G;2026;5;9,76
HJK;CLINICA TISIOLÓGICA - ALA G;2026;6;13,0
HJK;PRÉ PARTO / PPP;2026;2;0,6
HJK;PRÉ PARTO / PPP;2026;3;0,632
HJK;PRÉ PARTO / PPP;2026;4;0,5960591133004927
HJK;PRÉ PARTO / PPP;2026;5;0,6651982378854625
HJK;PRÉ PARTO / PPP;2026;6;0,5813953488372093
HJK;UCINCA - UNIDADE DE CUIDADO INTERMEDIÁRIO NEONATAL CANGURU;2026;2;3,75
HJK;UCINCA - UNIDADE DE CUIDADO INTERMEDIÁRIO NEONATAL CANGURU;2026;3;3,0
HJK;UCINCA - UNIDADE DE CUIDADO INTERMEDIÁRIO NEONATAL CANGURU;2026;4;2,411764705882353
HJK;UCINCA - UNIDADE DE CUIDADO INTERMEDIÁRIO NEONATAL CANGURU;2026;5;3,1875
HJK;UCINCA - UNIDADE DE CUIDADO INTERMEDIÁRIO NEONATAL CANGURU;2026;6;1,9487179487179487
HJK;UCINCO - UNIDADE DE CUIDADO INTERMEDIÁRIO NEONATAL CONVENCIONAL;2026;2;1,75
HJK;UCINCO - UNIDADE DE CUIDADO INTERMEDIÁRIO NEONATAL CONVENCIONAL;2026;3;7,411764705882353
HJK;UCINCO - UNIDADE DE CUIDADO INTERMEDIÁRIO NEONATAL CONVENCIONAL;2026;4;8,157894736842104
HJK;UCINCO - UNIDADE DE CUIDADO INTERMEDIÁRIO NEONATAL CONVENCIONAL;2026;5;7,045454545454546
HJK;UCINCO - UNIDADE DE CUIDADO INTERMEDIÁRIO NEONATAL CONVENCIONAL;2026;6;5,782608695652174
HJK;UE - INTERNAÇÃO SALA DE EMERGÊNCIA;2026;2;0,5121951219512195
HJK;UE - INTERNAÇÃO SALA DE EMERGÊNCIA;2026;3;0,8529411764705882
HJK;UE - INTERNAÇÃO SALA DE EMERGÊNCIA;2026;4;0,796875
HJK;UE - INTERNAÇÃO SALA DE EMERGÊNCIA;2026;5;0,8285714285714286
HJK;UE - INTERNAÇÃO SALA DE EMERGÊNCIA;2026;6;0,8805970149253731
HJK;UE - INTERNAÇÃO SALA DE MEDICAÇÃO;2026;2;2,4761904761904763
HJK;UE - INTERNAÇÃO SALA DE MEDICAÇÃO;2026;3;1,5578947368421052
HJK;UE - INTERNAÇÃO SALA DE MEDICAÇÃO;2026;4;1,5504587155963303
HJK;UE - INTERNAÇÃO SALA DE MEDICAÇÃO;2026;5;1,5103734439834025
HJK;UE - INTERNAÇÃO SALA DE MEDICAÇÃO;2026;6;1,559670781893004
HJK;UE - INTERNAÇÃO UDC-CRD;2026;2;2,0
HJK;UE - INTERNAÇÃO UDC-CRD;2026;3;1,5516569200779726
HJK;UE - INTERNAÇÃO UDC-CRD;2026;4;1,4669187145557656
HJK;UE - INTERNAÇÃO UDC-CRD;2026;5;1,3238938053097344
HJK;UE - INTERNAÇÃO UDC-CRD;2026;6;1,3206239168110918
HJK;UTI - ADULTO;2026;2;30,59375
HJK;UTI - ADULTO;2026;3;5,46078431372549
HJK;UTI - ADULTO;2026;4;6,581818181818182
HJK;UTI - ADULTO;2026;5;6,382513661202186
HJK;UTI - ADULTO;2026;6;6,525714285714286
HJK;UTI - NEONATAL;2026;2;39,0
HJK;UTI - NEONATAL;2026;3;8,033333333333333
HJK;UTI - NEONATAL;2026;4;11,347826086956522
HJK;UTI - NEONATAL;2026;6;9,76
HRAD;ALOJAMENTO CONJUNTO;2026;6;4,5777777777777775
HRAD;CLINICA CIRÚRGICA;2026;6;3,764705882352941
HRAD;CLINICA MÉDICA;2026;6;5,573770491803279
HRAD;CLINICA ORTOPÉDICA;2026;6;7,0
HRAD;CLINICA PEDIÁTRICA;2026;6;5,32
HRAD;UNIDADE DE CURTA PERMANENCIA;2026;6;1,8545454545454545
HRAD;UNIDADE DECISÃO CLÍNICA - INTERNAÇÃO;2026;6;0,4852941176470588
HRAD;UTI - ADULTO;2026;6;11,041666666666666
HRAD;UTIN;2026;6;4,533333333333333
HRBJA;BOARDING/HRB/CHB;2026;3;1,0625
HRBJA;BOARDING/HRB/CHB;2026;4;0,6296296296296297
HRBJA;BOARDING/HRB/CHB;2026;5;0,7777777777777778
HRBJA;BOARDING/HRB/CHB;2026;6;0,8125
HRBJA;CLINICA CIRURGICA/HRB/CHB;2024;6;4,303030303030303
HRBJA;CLINICA CIRURGICA/HRB/CHB;2024;7;28,545454545454547
HRBJA;CLINICA CIRURGICA/HRB/CHB;2024;8;27,782608695652176
HRBJA;CLINICA CIRURGICA/HRB/CHB;2024;9;18,90625
HRBJA;CLINICA CIRURGICA/HRB/CHB;2024;10;15,923076923076923
HRBJA;CLINICA CIRURGICA/HRB/CHB;2024;11;15,5
HRBJA;CLINICA CIRURGICA/HRB/CHB;2024;12;14,571428571428571
HRBJA;CLINICA CIRURGICA/HRB/CHB;2025;1;3,5592105263157894
HRBJA;CLINICA CIRURGICA/HRB/CHB;2025;2;3,625
HRBJA;CLINICA CIRURGICA/HRB/CHB;2025;3;4,8347107438016526
HRBJA;CLINICA CIRURGICA/HRB/CHB;2025;4;4,335766423357664
HRBJA;CLINICA CIRURGICA/HRB/CHB;2025;5;4,100671140939597
HRBJA;CLINICA CIRURGICA/HRB/CHB;2025;6;4,364285714285714
HRBJA;CLINICA CIRURGICA/HRB/CHB;2025;7;4,416666666666667
HRBJA;CLINICA CIRURGICA/HRB/CHB;2025;8;4,114649681528663
HRBJA;CLINICA CIRURGICA/HRB/CHB;2025;9;4,295774647887324
HRBJA;CLINICA CIRURGICA/HRB/CHB;2025;10;4,636363636363637
HRBJA;CLINICA CIRURGICA/HRB/CHB;2025;11;4,633587786259542
HRBJA;CLINICA CIRURGICA/HRB/CHB;2025;12;4,337931034482758
HRBJA;CLINICA CIRURGICA/HRB/CHB;2026;1;3,9625
HRBJA;CLINICA CIRURGICA/HRB/CHB;2026;2;3,8
HRBJA;CLINICA CIRURGICA/HRB/CHB;2026;3;4,6371681415929205
HRBJA;CLINICA CIRURGICA/HRB/CHB;2026;4;5,14
HRBJA;CLINICA CIRURGICA/HRB/CHB;2026;5;4,995305164319249
HRBJA;CLINICA CIRURGICA/HRB/CHB;2026;6;5,31413612565445
HRBJA;CLINICA MEDICA/HRB/CHB;2024;6;4,580645161290323
HRBJA;CLINICA MEDICA/HRB/CHB;2024;7;68,83333333333333
HRBJA;CLINICA MEDICA/HRB/CHB;2024;8;75,0909090909091
HRBJA;CLINICA MEDICA/HRB/CHB;2024;9;54,13333333333333
HRBJA;CLINICA MEDICA/HRB/CHB;2024;10;41,5
HRBJA;CLINICA MEDICA/HRB/CHB;2024;11;37,142857142857146
HRBJA;CLINICA MEDICA/HRB/CHB;2024;12;51,9375
HRBJA;CLINICA MEDICA/HRB/CHB;2025;1;6,57258064516129
HRBJA;CLINICA MEDICA/HRB/CHB;2025;2;7,0
HRBJA;CLINICA MEDICA/HRB/CHB;2025;3;7,094827586206897
HRBJA;CLINICA MEDICA/HRB/CHB;2025;4;6,82051282051282
HRBJA;CLINICA MEDICA/HRB/CHB;2025;5;6,555555555555555
HRBJA;CLINICA MEDICA/HRB/CHB;2025;6;6,487603305785124
HRBJA;CLINICA MEDICA/HRB/CHB;2025;7;6,688
HRBJA;CLINICA MEDICA/HRB/CHB;2025;8;7,811320754716981
HRBJA;CLINICA MEDICA/HRB/CHB;2025;9;8,322916666666666
HRBJA;CLINICA MEDICA/HRB/CHB;2025;10;7,961538461538462
HRBJA;CLINICA MEDICA/HRB/CHB;2025;11;7,261261261261262
HRBJA;CLINICA MEDICA/HRB/CHB;2025;12;8,09
HRBJA;CLINICA MEDICA/HRB/CHB;2026;1;7,663461538461538
HRBJA;CLINICA MEDICA/HRB/CHB;2026;2;4,672
HRBJA;CLINICA MEDICA/HRB/CHB;2026;3;5,492957746478873
HRBJA;CLINICA MEDICA/HRB/CHB;2026;4;6,1454545454545455
HRBJA;CLINICA MEDICA/HRB/CHB;2026;5;6,773584905660377
HRBJA;CLINICA MEDICA/HRB/CHB;2026;6;4,144578313253012
HRBJA;TRAUMATO-ORTOPEDIA CIRURGICA/CHPB/CHB;2024;6;5,5
HRBJA;TRAUMATO-ORTOPEDIA CIRURGICA/CHPB/CHB;2024;7;21,11111111111111
HRBJA;TRAUMATO-ORTOPEDIA CIRURGICA/CHPB/CHB;2024;8;6,0638297872340425
HRBJA;TRAUMATO-ORTOPEDIA CIRURGICA/CHPB/CHB;2024;9;10,88888888888889
HRBJA;TRAUMATO-ORTOPEDIA CIRURGICA/CHPB/CHB;2024;10;10,476190476190476
HRBJA;TRAUMATO-ORTOPEDIA CIRURGICA/CHPB/CHB;2024;11;31,833333333333332
HRBJA;TRAUMATO-ORTOPEDIA CIRURGICA/CHPB/CHB;2024;12;10,61111111111111
HRBJA;TRAUMATO-ORTOPEDIA CIRURGICA/CHPB/CHB;2025;1;4,105263157894737
HRBJA;TRAUMATO-ORTOPEDIA CIRURGICA/CHPB/CHB;2025;2;10,125
HRBJA;TRAUMATO-ORTOPEDIA CIRURGICA/CHPB/CHB;2025;3;6,214285714285714
HRBJA;TRAUMATO-ORTOPEDIA CIRURGICA/CHPB/CHB;2025;4;10,545454545454545
HRBJA;TRAUMATO-ORTOPEDIA CIRURGICA/CHPB/CHB;2025;5;6,888888888888889
HRBJA;TRAUMATO-ORTOPEDIA CIRURGICA/CHPB/CHB;2025;6;11,294117647058824
HRBJA;TRAUMATO-ORTOPEDIA CIRURGICA/CHPB/CHB;2025;7;9,571428571428571
HRBJA;TRAUMATO-ORTOPEDIA CIRURGICA/CHPB/CHB;2025;8;5,909090909090909
HRBJA;TRAUMATO-ORTOPEDIA CIRURGICA/CHPB/CHB;2025;9;6,5
HRBJA;TRAUMATO-ORTOPEDIA CIRURGICA/CHPB/CHB;2025;10;6,75
HRBJA;TRAUMATO-ORTOPEDIA CIRURGICA/CHPB/CHB;2025;11;6,888888888888889
HRBJA;TRAUMATO-ORTOPEDIA CIRURGICA/CHPB/CHB;2025;12;6,142857142857143
HRBJA;TRAUMATO-ORTOPEDIA CIRURGICA/CHPB/CHB;2026;1;3,0344827586206895
HRBJA;TRAUMATO-ORTOPEDIA CIRURGICA/CHPB/CHB;2026;2;7,318181818181818
HRBJA;TRAUMATO-ORTOPEDIA CIRURGICA/CHPB/CHB;2026;3;5,0
HRBJA;TRAUMATO-ORTOPEDIA CIRURGICA/CHPB/CHB;2026;4;6,209302325581396
HRBJA;TRAUMATO-ORTOPEDIA CIRURGICA/CHPB/CHB;2026;5;6,684210526315789
HRBJA;TRAUMATO-ORTOPEDIA CIRURGICA/CHPB/CHB;2026;6;4,3076923076923075
HRBJA;UAVC-AGUDO/HRB/CHB;2026;3;1,4444444444444444
HRBJA;UAVC-AGUDO/HRB/CHB;2026;4;1,8421052631578947
HRBJA;UAVC-AGUDO/HRB/CHB;2026;5;2,027027027027027
HRBJA;UAVC-AGUDO/HRB/CHB;2026;6;1,3148148148148149
HRBJA;UCR-CIRURGICA/HRB/CHB;2026;2;2,0
HRBJA;UCR-CIRURGICA/HRB/CHB;2026;3;2,5789473684210527
HRBJA;UCR-CIRURGICA/HRB/CHB;2026;4;2,0
HRBJA;UCR-CIRURGICA/HRB/CHB;2026;5;2,0784313725490198
HRBJA;UCR-CIRURGICA/HRB/CHB;2026;6;2,658536585365854
HRBJA;UTI ADULTO/HRB/CHB;2024;6;16,0
HRBJA;UTI ADULTO/HRB/CHB;2024;7;12,16
HRBJA;UTI ADULTO/HRB/CHB;2024;8;14,380952380952381
HRBJA;UTI ADULTO/HRB/CHB;2024;9;11,0
HRBJA;UTI ADULTO/HRB/CHB;2024;10;10,517241379310345
HRBJA;UTI ADULTO/HRB/CHB;2024;11;7,0476190476190474
HRBJA;UTI ADULTO/HRB/CHB;2024;12;9,146341463414634
HRBJA;UTI ADULTO/HRB/CHB;2025;1;7,154761904761905
HRBJA;UTI ADULTO/HRB/CHB;2025;2;7,76056338028169
HRBJA;UTI ADULTO/HRB/CHB;2025;3;6,291666666666667
HRBJA;UTI ADULTO/HRB/CHB;2025;4;7,0476190476190474
HRBJA;UTI ADULTO/HRB/CHB;2025;5;8,205479452054794
HRBJA;UTI ADULTO/HRB/CHB;2025;6;5,959595959595959
HRBJA;UTI ADULTO/HRB/CHB;2025;7;8,541666666666666
HRBJA;UTI ADULTO/HRB/CHB;2025;8;6,531914893617022
HRBJA;UTI ADULTO/HRB/CHB;2025;9;7,641025641025641
HRBJA;UTI ADULTO/HRB/CHB;2025;10;6,6063829787234045
HRBJA;UTI ADULTO/HRB/CHB;2025;11;7,4875
HRBJA;UTI ADULTO/HRB/CHB;2025;12;8,012987012987013
HRBJA;UTI ADULTO/HRB/CHB;2026;1;7,974025974025974
HRBJA;UTI ADULTO/HRB/CHB;2026;2;8,569230769230769
HRBJA;UTI ADULTO/HRB/CHB;2026;3;6,909090909090909
HRBJA;UTI ADULTO/HRB/CHB;2026;4;6,6
HRBJA;UTI ADULTO/HRB/CHB;2026;5;7,345238095238095
HRBJA;UTI ADULTO/HRB/CHB;2026;6;9,866666666666667
HRBJA;UUE/INTERNAÇÃO/HRB/CHB;2024;6;3,1914893617021276
HRBJA;UUE/INTERNAÇÃO/HRB/CHB;2024;7;5,274193548387097
HRBJA;UUE/INTERNAÇÃO/HRB/CHB;2024;8;4,9743589743589745
HRBJA;UUE/INTERNAÇÃO/HRB/CHB;2024;9;4,174863387978142
HRBJA;UUE/INTERNAÇÃO/HRB/CHB;2024;10;4,4035087719298245
HRBJA;UUE/INTERNAÇÃO/HRB/CHB;2024;11;2,0254237288135593
HRBJA;UUE/INTERNAÇÃO/HRB/CHB;2024;12;2,838709677419355
HRBJA;UUE/INTERNAÇÃO/HRB/CHB;2025;1;1,6037735849056605
HRBJA;UUE/INTERNAÇÃO/HRB/CHB;2025;2;1,6829268292682926
HRBJA;UUE/INTERNAÇÃO/HRB/CHB;2025;3;1,7717391304347827
HRBJA;UUE/INTERNAÇÃO/HRB/CHB;2025;4;2,0985915492957745
HRBJA;UUE/INTERNAÇÃO/HRB/CHB;2025;5;1,6666666666666667
HRBJA;UUE/INTERNAÇÃO/HRB/CHB;2025;6;2,4423076923076925
HRBJA;UUE/INTERNAÇÃO/HRB/CHB;2025;7;1,7209302325581395
HRBJA;UUE/INTERNAÇÃO/HRB/CHB;2025;8;2,9285714285714284
HRBJA;UUE/INTERNAÇÃO/HRB/CHB;2025;9;2,5
HRBJA;UUE/INTERNAÇÃO/HRB/CHB;2025;10;2,3529411764705883
HRBJA;UUE/INTERNAÇÃO/HRB/CHB;2025;11;1,55
HRBJA;UUE/INTERNAÇÃO/HRB/CHB;2025;12;2,0256410256410255
HRBJA;UUE/INTERNAÇÃO/HRB/CHB;2026;1;1,7830188679245282
HRBJA;UUE/INTERNAÇÃO/HRB/CHB;2026;2;1,5309734513274336
HRBJA;UUE/INTERNAÇÃO/HRB/CHB;2026;3;0,9736842105263158
HRJP;ALOJAMENTO CONJUNTO /UNIDADE DE INTERNAÇÃO;2024;11;38,125
HRJP;ALOJAMENTO CONJUNTO /UNIDADE DE INTERNAÇÃO;2024;12;176,0
HRJP;ALOJAMENTO CONJUNTO /UNIDADE DE INTERNAÇÃO;2025;1;2,713235294117647
HRJP;ALOJAMENTO CONJUNTO /UNIDADE DE INTERNAÇÃO;2025;2;2,894308943089431
HRJP;ALOJAMENTO CONJUNTO /UNIDADE DE INTERNAÇÃO;2025;3;2,67816091954023
HRJP;ALOJAMENTO CONJUNTO /UNIDADE DE INTERNAÇÃO;2025;4;2,8838709677419354
HRJP;ALOJAMENTO CONJUNTO /UNIDADE DE INTERNAÇÃO;2025;5;2,9064327485380117
HRJP;ALOJAMENTO CONJUNTO /UNIDADE DE INTERNAÇÃO;2025;6;2,725
HRJP;ALOJAMENTO CONJUNTO /UNIDADE DE INTERNAÇÃO;2025;7;2,943396226415094
HRJP;ALOJAMENTO CONJUNTO /UNIDADE DE INTERNAÇÃO;2025;8;2,676829268292683
HRJP;ALOJAMENTO CONJUNTO /UNIDADE DE INTERNAÇÃO;2025;9;2,5886524822695036
HRJP;ALOJAMENTO CONJUNTO /UNIDADE DE INTERNAÇÃO;2025;10;2,6024844720496896
HRJP;ALOJAMENTO CONJUNTO /UNIDADE DE INTERNAÇÃO;2025;11;2,5527950310559007
HRJP;ALOJAMENTO CONJUNTO /UNIDADE DE INTERNAÇÃO;2025;12;2,7070063694267517
HRJP;ALOJAMENTO CONJUNTO /UNIDADE DE INTERNAÇÃO;2026;1;2,796511627906977
HRJP;ALOJAMENTO CONJUNTO /UNIDADE DE INTERNAÇÃO;2026;2;2,7735849056603774
HRJP;ALOJAMENTO CONJUNTO /UNIDADE DE INTERNAÇÃO;2026;3;2,7151515151515153
HRJP;ALOJAMENTO CONJUNTO /UNIDADE DE INTERNAÇÃO;2026;4;1,9577464788732395
HRJP;ALOJAMENTO CONJUNTO /UNIDADE DE INTERNAÇÃO;2026;5;1,9270833333333333
HRJP;ALOJAMENTO CONJUNTO /UNIDADE DE INTERNAÇÃO;2026;6;2,4367088607594938
HRJP;PRÉ-PARTO;2026;3;0,42105263157894735
HRJP;PRÉ-PARTO;2026;4;0,6813186813186813
HRJP;PRÉ-PARTO;2026;5;0,6326530612244898
HRJP;PRÉ-PARTO;2026;6;0,6063829787234043
HRJP;UNIDADE DE INTERNAÇÃO - CLÍNICA DIP ALA B;2026;6;0,25
HRJP;UNIDADE DE INTERNAÇÃO - CLÍNICA DIP ALA C;2024;11;23,4
HRJP;UNIDADE DE INTERNAÇÃO - CLÍNICA DIP ALA C;2024;12;38,666666666666664
HRJP;UNIDADE DE INTERNAÇÃO - CLÍNICA DIP ALA C;2025;1;7,857142857142857
HRJP;UNIDADE DE INTERNAÇÃO - CLÍNICA DIP ALA C;2025;2;8,461538461538462
HRJP;UNIDADE DE INTERNAÇÃO - CLÍNICA DIP ALA C;2025;3;8,523809523809524
HRJP;UNIDADE DE INTERNAÇÃO - CLÍNICA DIP ALA C;2025;4;6,333333333333333
HRJP;UNIDADE DE INTERNAÇÃO - CLÍNICA DIP ALA C;2025;5;10,05
HRJP;UNIDADE DE INTERNAÇÃO - CLÍNICA DIP ALA C;2025;6;7,090909090909091
HRJP;UNIDADE DE INTERNAÇÃO - CLÍNICA DIP ALA C;2025;7;5,136363636363637
HRJP;UNIDADE DE INTERNAÇÃO - CLÍNICA DIP ALA C;2025;8;6,45
HRJP;UNIDADE DE INTERNAÇÃO - CLÍNICA DIP ALA C;2025;9;6,1923076923076925
HRJP;UNIDADE DE INTERNAÇÃO - CLÍNICA DIP ALA C;2025;10;5,681818181818182
HRJP;UNIDADE DE INTERNAÇÃO - CLÍNICA DIP ALA C;2025;11;4,702702702702703
HRJP;UNIDADE DE INTERNAÇÃO - CLÍNICA DIP ALA C;2025;12;3,2580645161290325
HRJP;UNIDADE DE INTERNAÇÃO - CLÍNICA DIP ALA C;2026;5;4,0
HRJP;UNIDADE DE INTERNAÇÃO - CLÍNICA DIP ALA C;2026;6;3,814814814814815
HRJP;UNIDADE INTERNAÇÃO - CLÍNICA CIRÚRGICA ALA A;2024;11;24,0
HRJP;UNIDADE INTERNAÇÃO - CLÍNICA CIRÚRGICA ALA A;2024;12;34,333333333333336
HRJP;UNIDADE INTERNAÇÃO - CLÍNICA CIRÚRGICA ALA A;2025;1;2,761904761904762
HRJP;UNIDADE INTERNAÇÃO - CLÍNICA CIRÚRGICA ALA A;2025;2;5,173913043478261
HRJP;UNIDADE INTERNAÇÃO - CLÍNICA CIRÚRGICA ALA A;2025;3;6,8
HRJP;UNIDADE INTERNAÇÃO - CLÍNICA CIRÚRGICA ALA A;2025;4;6,1
HRJP;UNIDADE INTERNAÇÃO - CLÍNICA CIRÚRGICA ALA A;2025;5;5,24
HRJP;UNIDADE INTERNAÇÃO - CLÍNICA CIRÚRGICA ALA A;2025;6;4,6
HRJP;UNIDADE INTERNAÇÃO - CLÍNICA CIRÚRGICA ALA A;2025;7;4,611111111111111
HRJP;UNIDADE INTERNAÇÃO - CLÍNICA CIRÚRGICA ALA A;2025;8;3,96
HRJP;UNIDADE INTERNAÇÃO - CLÍNICA CIRÚRGICA ALA A;2025;9;7,238095238095238
HRJP;UNIDADE INTERNAÇÃO - CLÍNICA CIRÚRGICA ALA A;2025;10;6,954545454545454
HRJP;UNIDADE INTERNAÇÃO - CLÍNICA CIRÚRGICA ALA A;2025;11;7,75
HRJP;UNIDADE INTERNAÇÃO - CLÍNICA CIRÚRGICA ALA A;2025;12;2,8333333333333335
HRJP;UNIDADE INTERNAÇÃO - CLÍNICA CIRÚRGICA ALA A;2026;1;7,157894736842105
HRJP;UNIDADE INTERNAÇÃO - CLÍNICA CIRÚRGICA ALA A;2026;2;5,230769230769231
HRJP;UNIDADE INTERNAÇÃO - CLÍNICA CIRÚRGICA ALA A;2026;3;4,470588235294118
HRJP;UNIDADE INTERNAÇÃO - CLÍNICA CIRÚRGICA ALA A;2026;4;3,1627906976744184
HRJP;UNIDADE INTERNAÇÃO - CLÍNICA CIRÚRGICA ALA A;2026;5;3,142857142857143
HRJP;UNIDADE INTERNAÇÃO - CLÍNICA CIRÚRGICA ALA A;2026;6;0,3333333333333333
HRJP;UNIDADE INTERNAÇÃO - CLÍNICA CIRÚRGICA ALA B;2024;11;15,0
HRJP;UNIDADE INTERNAÇÃO - CLÍNICA CIRÚRGICA ALA B;2025;1;14,142857142857142
HRJP;UNIDADE INTERNAÇÃO - CLÍNICA CIRÚRGICA ALA B;2025;2;8,5
HRJP;UNIDADE INTERNAÇÃO - CLÍNICA CIRÚRGICA ALA B;2025;3;11,666666666666666
HRJP;UNIDADE INTERNAÇÃO - CLÍNICA CIRÚRGICA ALA B;2025;4;6,133333333333334
HRJP;UNIDADE INTERNAÇÃO - CLÍNICA CIRÚRGICA ALA B;2025;5;4,045454545454546
HRJP;UNIDADE INTERNAÇÃO - CLÍNICA CIRÚRGICA ALA B;2025;6;3,9047619047619047
HRJP;UNIDADE INTERNAÇÃO - CLÍNICA CIRÚRGICA ALA B;2025;7;23,8
HRJP;UNIDADE INTERNAÇÃO - CLÍNICA CIRÚRGICA ALA B;2025;8;6,230769230769231
HRJP;UNIDADE INTERNAÇÃO - CLÍNICA CIRÚRGICA ALA B;2025;9;5,352941176470588
HRJP;UNIDADE INTERNAÇÃO - CLÍNICA CIRÚRGICA ALA B;2025;10;5,933333333333334
HRJP;UNIDADE INTERNAÇÃO - CLÍNICA CIRÚRGICA ALA B;2025;11;1,0
HRJP;UNIDADE INTERNAÇÃO - CLÍNICA CIRÚRGICA ALA B;2025;12;5,428571428571429
HRJP;UNIDADE INTERNAÇÃO - CLÍNICA CIRÚRGICA ALA B;2026;1;17,6
HRJP;UNIDADE INTERNAÇÃO - CLÍNICA CIRÚRGICA ALA B;2026;2;14,461538461538462
HRJP;UNIDADE INTERNAÇÃO - CLÍNICA CIRÚRGICA ALA B;2026;3;3,5660377358490565
HRJP;UNIDADE INTERNAÇÃO - CLÍNICA CIRÚRGICA ALA B;2026;4;4,5
HRJP;UNIDADE INTERNAÇÃO - CLÍNICA CIRÚRGICA ALA B;2026;5;6,225806451612903
HRJP;UNIDADE INTERNAÇÃO - CLÍNICA CIRÚRGICA ALA B;2026;6;6,0
HRJP;UNIDADE INTERNAÇÃO - CLÍNICA CIRÚRGICA ALA C;2024;11;27,25
HRJP;UNIDADE INTERNAÇÃO - CLÍNICA CIRÚRGICA ALA C;2024;12;31,5
HRJP;UNIDADE INTERNAÇÃO - CLÍNICA CIRÚRGICA ALA C;2025;1;3,4375
HRJP;UNIDADE INTERNAÇÃO - CLÍNICA CIRÚRGICA ALA C;2025;2;7,611111111111111
HRJP;UNIDADE INTERNAÇÃO - CLÍNICA CIRÚRGICA ALA C;2025;3;3,923076923076923
HRJP;UNIDADE INTERNAÇÃO - CLÍNICA CIRÚRGICA ALA C;2025;4;3,3636363636363638
HRJP;UNIDADE INTERNAÇÃO - CLÍNICA CIRÚRGICA ALA C;2025;5;5,133333333333334
HRJP;UNIDADE INTERNAÇÃO - CLÍNICA CIRÚRGICA ALA C;2025;6;3,1818181818181817
HRJP;UNIDADE INTERNAÇÃO - CLÍNICA CIRÚRGICA ALA C;2025;7;2,742857142857143
HRJP;UNIDADE INTERNAÇÃO - CLÍNICA CIRÚRGICA ALA C;2025;8;3,2058823529411766
HRJP;UNIDADE INTERNAÇÃO - CLÍNICA CIRÚRGICA ALA C;2025;9;4,117647058823529
HRJP;UNIDADE INTERNAÇÃO - CLÍNICA CIRÚRGICA ALA C;2025;10;3,5483870967741935
HRJP;UNIDADE INTERNAÇÃO - CLÍNICA CIRÚRGICA ALA C;2025;11;10,8
HRJP;UNIDADE INTERNAÇÃO - CLÍNICA CIRÚRGICA ALA C;2025;12;4,421052631578948
HRJP;UNIDADE INTERNAÇÃO - CLÍNICA CIRÚRGICA ALA C;2026;1;1,0
HRJP;UNIDADE INTERNAÇÃO - CLÍNICA CIRÚRGICA ALA C;2026;2;1,0
HRJP;UNIDADE INTERNAÇÃO - CLÍNICA CIRÚRGICA ALA C;2026;5;2,8
HRJP;UNIDADE INTERNAÇÃO - CLÍNICA CIRÚRGICA ALA C;2026;6;4,628571428571429
HRJP;UNIDADE INTERNAÇÃO - CLÍNICA MÉDICA ALA A;2024;11;23,142857142857142
HRJP;UNIDADE INTERNAÇÃO - CLÍNICA MÉDICA ALA A;2024;12;69,5
HRJP;UNIDADE INTERNAÇÃO - CLÍNICA MÉDICA ALA A;2025;1;5,509433962264151
HRJP;UNIDADE INTERNAÇÃO - CLÍNICA MÉDICA ALA A;2025;2;7,96078431372549
HRJP;UNIDADE INTERNAÇÃO - CLÍNICA MÉDICA ALA A;2025;3;7,046875
HRJP;UNIDADE INTERNAÇÃO - CLÍNICA MÉDICA ALA A;2025;4;6,317460317460317
HRJP;UNIDADE INTERNAÇÃO - CLÍNICA MÉDICA ALA A;2025;5;6,577464788732394
HRJP;UNIDADE INTERNAÇÃO - CLÍNICA MÉDICA ALA A;2025;6;5,890625
HRJP;UNIDADE INTERNAÇÃO - CLÍNICA MÉDICA ALA A;2025;7;4,555555555555555
HRJP;UNIDADE INTERNAÇÃO - CLÍNICA MÉDICA ALA A;2025;8;7,214285714285714
HRJP;UNIDADE INTERNAÇÃO - CLÍNICA MÉDICA ALA A;2025;9;7,75
HRJP;UNIDADE INTERNAÇÃO - CLÍNICA MÉDICA ALA A;2025;10;6,377358490566038
HRJP;UNIDADE INTERNAÇÃO - CLÍNICA MÉDICA ALA A;2025;11;5,430232558139535
HRJP;UNIDADE INTERNAÇÃO - CLÍNICA MÉDICA ALA A;2025;12;3,519230769230769
HRJP;UNIDADE INTERNAÇÃO - CLÍNICA MÉDICA ALA A;2026;1;7,148936170212766
HRJP;UNIDADE INTERNAÇÃO - CLÍNICA MÉDICA ALA A;2026;2;7,288135593220339
HRJP;UNIDADE INTERNAÇÃO - CLÍNICA MÉDICA ALA A;2026;3;4,778688524590164
HRJP;UNIDADE INTERNAÇÃO - CLÍNICA MÉDICA ALA A;2026;4;4,862068965517241
HRJP;UNIDADE INTERNAÇÃO - CLÍNICA MÉDICA ALA A;2026;5;3,831168831168831
HRJP;UNIDADE INTERNAÇÃO - CLÍNICA MÉDICA ALA A;2026;6;15,5
HRJP;UNIDADE INTERNAÇÃO - CLÍNICA MÉDICA ALA B;2024;11;20,454545454545453
HRJP;UNIDADE INTERNAÇÃO - CLÍNICA MÉDICA ALA B;2024;12;39,166666666666664
HRJP;UNIDADE INTERNAÇÃO - CLÍNICA MÉDICA ALA B;2025;1;4,676470588235294
HRJP;UNIDADE INTERNAÇÃO - CLÍNICA MÉDICA ALA B;2025;2;6,333333333333333
HRJP;UNIDADE INTERNAÇÃO - CLÍNICA MÉDICA ALA B;2025;3;6,333333333333333
HRJP;UNIDADE INTERNAÇÃO - CLÍNICA MÉDICA ALA B;2025;4;7,219512195121951
HRJP;UNIDADE INTERNAÇÃO - CLÍNICA MÉDICA ALA B;2025;5;6,30188679245283
HRJP;UNIDADE INTERNAÇÃO - CLÍNICA MÉDICA ALA B;2025;6;6,065217391304348
HRJP;UNIDADE INTERNAÇÃO - CLÍNICA MÉDICA ALA B;2025;7;8,580645161290322
HRJP;UNIDADE INTERNAÇÃO - CLÍNICA MÉDICA ALA B;2025;8;7,5
HRJP;UNIDADE INTERNAÇÃO - CLÍNICA MÉDICA ALA B;2025;9;4,406779661016949
HRJP;UNIDADE INTERNAÇÃO - CLÍNICA MÉDICA ALA B;2025;10;4,807017543859649
HRJP;UNIDADE INTERNAÇÃO - CLÍNICA MÉDICA ALA B;2025;11;1,0
HRJP;UNIDADE INTERNAÇÃO - CLÍNICA MÉDICA ALA B;2025;12;5,530120481927711
HRJP;UNIDADE INTERNAÇÃO - CLÍNICA MÉDICA ALA B;2026;1;6,590909090909091
HRJP;UNIDADE INTERNAÇÃO - CLÍNICA MÉDICA ALA B;2026;2;5,433333333333334
HRJP;UNIDADE INTERNAÇÃO - CLÍNICA MÉDICA ALA B;2026;3;5,285714285714286
HRJP;UNIDADE INTERNAÇÃO - CLÍNICA MÉDICA ALA B;2026;4;5,231578947368421
HRJP;UNIDADE INTERNAÇÃO - CLÍNICA MÉDICA ALA B;2026;5;5,148936170212766
HRJP;UNIDADE INTERNAÇÃO - CLÍNICA MÉDICA ALA B;2026;6;3,8846153846153846
HRJP;UNIDADE INTERNAÇÃO - CLÍNICA MÉDICA ALA C;2024;11;21,5
HRJP;UNIDADE INTERNAÇÃO - CLÍNICA MÉDICA ALA C;2024;12;29,5
HRJP;UNIDADE INTERNAÇÃO - CLÍNICA MÉDICA ALA C;2025;1;8,833333333333334
HRJP;UNIDADE INTERNAÇÃO - CLÍNICA MÉDICA ALA C;2025;2;6,814814814814815
HRJP;UNIDADE INTERNAÇÃO - CLÍNICA MÉDICA ALA C;2025;3;5,65625
HRJP;UNIDADE INTERNAÇÃO - CLÍNICA MÉDICA ALA C;2025;4;5,25
HRJP;UNIDADE INTERNAÇÃO - CLÍNICA MÉDICA ALA C;2025;5;7,064516129032258
HRJP;UNIDADE INTERNAÇÃO - CLÍNICA MÉDICA ALA C;2025;6;7,9523809523809526
HRJP;UNIDADE INTERNAÇÃO - CLÍNICA MÉDICA ALA C;2025;7;5,928571428571429
HRJP;UNIDADE INTERNAÇÃO - CLÍNICA MÉDICA ALA C;2025;8;5,423076923076923
HRJP;UNIDADE INTERNAÇÃO - CLÍNICA MÉDICA ALA C;2025;9;6,612903225806452
HRJP;UNIDADE INTERNAÇÃO - CLÍNICA MÉDICA ALA C;2025;10;5,65625
HRJP;UNIDADE INTERNAÇÃO - CLÍNICA MÉDICA ALA C;2025;11;8,296296296296296
HRJP;UNIDADE INTERNAÇÃO - CLÍNICA MÉDICA ALA C;2025;12;3,769230769230769
HRJP;UNIDADE INTERNAÇÃO - CLÍNICA MÉDICA ALA C;2026;2;13,5
HRJP;UNIDADE INTERNAÇÃO - CLÍNICA MÉDICA ALA C;2026;3;3,0
HRJP;UNIDADE INTERNAÇÃO - CLÍNICA MÉDICA ALA C;2026;4;3,888888888888889
HRJP;UNIDADE INTERNAÇÃO - CLÍNICA MÉDICA ALA C;2026;5;6,0
HRJP;UNIDADE INTERNAÇÃO - CLÍNICA MÉDICA ALA C;2026;6;4,520833333333333
HRJP;UNIDADE INTERNAÇÃO - CLÍNICA PEDIÁTRICA;2024;11;410,0
HRJP;UNIDADE INTERNAÇÃO - CLÍNICA PEDIÁTRICA;2025;1;6,147058823529412
HRJP;UNIDADE INTERNAÇÃO - CLÍNICA PEDIÁTRICA;2025;2;5,535211267605634
HRJP;UNIDADE INTERNAÇÃO - CLÍNICA PEDIÁTRICA;2025;3;6,115942028985507
HRJP;UNIDADE INTERNAÇÃO - CLÍNICA PEDIÁTRICA;2025;4;7,129411764705883
HRJP;UNIDADE INTERNAÇÃO - CLÍNICA PEDIÁTRICA;2025;5;5,965217391304348
HRJP;UNIDADE INTERNAÇÃO - CLÍNICA PEDIÁTRICA;2025;6;8,329545454545455
HRJP;UNIDADE INTERNAÇÃO - CLÍNICA PEDIÁTRICA;2025;7;6,520408163265306
HRJP;UNIDADE INTERNAÇÃO - CLÍNICA PEDIÁTRICA;2025;8;6,56
HRJP;UNIDADE INTERNAÇÃO - CLÍNICA PEDIÁTRICA;2025;9;6,8493150684931505
HRJP;UNIDADE INTERNAÇÃO - CLÍNICA PEDIÁTRICA;2025;10;5,792207792207792
HRJP;UNIDADE INTERNAÇÃO - CLÍNICA PEDIÁTRICA;2025;11;5,819277108433735
HRJP;UNIDADE INTERNAÇÃO - CLÍNICA PEDIÁTRICA;2025;12;7,813559322033898
HRJP;UNIDADE INTERNAÇÃO - CLÍNICA PEDIÁTRICA;2026;1;5,848484848484849
HRJP;UNIDADE INTERNAÇÃO - CLÍNICA PEDIÁTRICA;2026;2;7,435483870967742
HRJP;UNIDADE INTERNAÇÃO - CLÍNICA PEDIÁTRICA;2026;3;5,306666666666667
HRJP;UNIDADE INTERNAÇÃO - CLÍNICA PEDIÁTRICA;2026;4;7,536231884057971
HRJP;UNIDADE INTERNAÇÃO - CLÍNICA PEDIÁTRICA;2026;5;6,8125
HRJP;UNIDADE INTERNAÇÃO - CLÍNICA PEDIÁTRICA;2026;6;6,25
HRJP;UNIDADE INTERNAÇÃO - CLÍNICA PSIQUIÁTRICA ALA A;2024;11;26,0
HRJP;UNIDADE INTERNAÇÃO - CLÍNICA PSIQUIÁTRICA ALA A;2024;12;81,0
HRJP;UNIDADE INTERNAÇÃO - CLÍNICA PSIQUIÁTRICA ALA A;2025;1;12,333333333333334
HRJP;UNIDADE INTERNAÇÃO - CLÍNICA PSIQUIÁTRICA ALA A;2025;2;13,076923076923077
HRJP;UNIDADE INTERNAÇÃO - CLÍNICA PSIQUIÁTRICA ALA A;2025;3;20,1
HRJP;UNIDADE INTERNAÇÃO - CLÍNICA PSIQUIÁTRICA ALA A;2025;4;14,692307692307692
HRJP;UNIDADE INTERNAÇÃO - CLÍNICA PSIQUIÁTRICA ALA A;2025;5;9,764705882352942
HRJP;UNIDADE INTERNAÇÃO - CLÍNICA PSIQUIÁTRICA ALA A;2025;6;21,0
HRJP;UNIDADE INTERNAÇÃO - CLÍNICA PSIQUIÁTRICA ALA A;2025;7;29,0
HRJP;UNIDADE INTERNAÇÃO - CLÍNICA PSIQUIÁTRICA ALA A;2025;8;22,8
HRJP;UNIDADE INTERNAÇÃO - CLÍNICA PSIQUIÁTRICA ALA A;2025;9;27,285714285714285
HRJP;UNIDADE INTERNAÇÃO - CLÍNICA PSIQUIÁTRICA ALA A;2025;10;15,727272727272727
HRJP;UNIDADE INTERNAÇÃO - CLÍNICA PSIQUIÁTRICA ALA A;2025;11;7,458333333333333
HRJP;UNIDADE INTERNAÇÃO - CLÍNICA PSIQUIÁTRICA ALA A;2025;12;6,125
HRJP;UNIDADE INTERNAÇÃO - CLÍNICA PSIQUIÁTRICA ALA A;2026;3;10,125
HRJP;UNIDADE INTERNAÇÃO - CLÍNICA PSIQUIÁTRICA ALA A;2026;4;15,6
HRJP;UNIDADE INTERNAÇÃO - CLÍNICA PSIQUIÁTRICA ALA A;2026;5;20,333333333333332
HRJP;UNIDADE INTERNAÇÃO - CLÍNICA PSIQUIÁTRICA ALA C;2024;11;31,0
HRJP;UNIDADE INTERNAÇÃO - CLÍNICA PSIQUIÁTRICA ALA C;2024;12;70,0
HRJP;UNIDADE INTERNAÇÃO - CLÍNICA PSIQUIÁTRICA ALA C;2025;1;19,5
HRJP;UNIDADE INTERNAÇÃO - CLÍNICA PSIQUIÁTRICA ALA C;2025;2;67,0
HRJP;UNIDADE INTERNAÇÃO - CLÍNICA PSIQUIÁTRICA ALA C;2025;3;14,0
HRJP;UNIDADE INTERNAÇÃO - CLÍNICA PSIQUIÁTRICA ALA C;2025;4;11,4
HRJP;UNIDADE INTERNAÇÃO - CLÍNICA PSIQUIÁTRICA ALA C;2025;5;22,5
HRJP;UNIDADE INTERNAÇÃO - CLÍNICA PSIQUIÁTRICA ALA C;2025;6;14,166666666666666
HRJP;UNIDADE INTERNAÇÃO - CLÍNICA PSIQUIÁTRICA ALA C;2025;7;20,5
HRJP;UNIDADE INTERNAÇÃO - CLÍNICA PSIQUIÁTRICA ALA C;2025;8;45,0
HRJP;UNIDADE INTERNAÇÃO - CLÍNICA PSIQUIÁTRICA ALA C;2025;9;27,666666666666668
HRJP;UNIDADE INTERNAÇÃO - CLÍNICA PSIQUIÁTRICA ALA C;2025;10;7,857142857142857
HRJP;UNIDADE INTERNAÇÃO - CLÍNICA PSIQUIÁTRICA ALA C;2025;11;4,1875
HRJP;UNIDADE INTERNAÇÃO - CLÍNICA PSIQUIÁTRICA ALA C;2025;12;3,5714285714285716
HRJP;UNIDADE INTERNAÇÃO - CLÍNICA PSIQUIÁTRICA ALA C;2026;3;1,0
HRJP;UNIDADE INTERNAÇÃO - CLÍNICA PSIQUIÁTRICA ALA C;2026;5;3,8
HRJP;UNIDADE INTERNAÇÃO - CLÍNICA PSIQUIÁTRICA ALA C;2026;6;2,8
HRJP;UNIDADE INTERNAÇÃO - CLÍNICA TISIOLÓGICA ALA B;2024;11;17,5
HRJP;UNIDADE INTERNAÇÃO - CLÍNICA TISIOLÓGICA ALA B;2024;12;8,0
HRJP;UNIDADE INTERNAÇÃO - CLÍNICA TISIOLÓGICA ALA B;2025;1;3,272727272727273
HRJP;UNIDADE INTERNAÇÃO - CLÍNICA TISIOLÓGICA ALA B;2025;2;4,5
HRJP;UNIDADE INTERNAÇÃO - CLÍNICA TISIOLÓGICA ALA B;2025;3;6,0
HRJP;UNIDADE INTERNAÇÃO - CLÍNICA TISIOLÓGICA ALA B;2025;4;12,75
HRJP;UNIDADE INTERNAÇÃO - CLÍNICA TISIOLÓGICA ALA B;2025;5;6,111111111111111
HRJP;UNIDADE INTERNAÇÃO - CLÍNICA TISIOLÓGICA ALA B;2025;6;10,4
HRJP;UNIDADE INTERNAÇÃO - CLÍNICA TISIOLÓGICA ALA B;2025;7;2,5
HRJP;UNIDADE INTERNAÇÃO - CLÍNICA TISIOLÓGICA ALA B;2025;9;9,2
HRJP;UNIDADE INTERNAÇÃO - CLÍNICA TISIOLÓGICA ALA B;2025;10;4,8
HRJP;UNIDADE INTERNAÇÃO - CLÍNICA TISIOLÓGICA ALA B;2025;12;6,222222222222222
HRJP;UNIDADE INTERNAÇÃO - CLÍNICA TISIOLÓGICA ALA B;2026;1;6,5
HRJP;UNIDADE INTERNAÇÃO - CLÍNICA TISIOLÓGICA ALA B;2026;2;6,428571428571429
HRJP;UNIDADE INTERNAÇÃO - CLÍNICA TISIOLÓGICA ALA B;2026;3;30,5
HRJP;UNIDADE INTERNAÇÃO - CLÍNICA TISIOLÓGICA ALA B;2026;5;12,333333333333334
HRJP;UNIDADE INTERNAÇÃO - CLÍNICA TISIOLÓGICA ALA B;2026;6;7,0
HRJP;UNIDADE INTERNAÇÃO - CLÍNICA TISIOLÓGICA ALA C;2024;11;16,333333333333332
HRJP;UNIDADE INTERNAÇÃO - CLÍNICA TISIOLÓGICA ALA C;2024;12;20,75
HRJP;UNIDADE INTERNAÇÃO - CLÍNICA TISIOLÓGICA ALA C;2025;1;7,416666666666667
HRJP;UNIDADE INTERNAÇÃO - CLÍNICA TISIOLÓGICA ALA C;2025;2;17,4
HRJP;UNIDADE INTERNAÇÃO - CLÍNICA TISIOLÓGICA ALA C;2025;3;10,923076923076923
HRJP;UNIDADE INTERNAÇÃO - CLÍNICA TISIOLÓGICA ALA C;2025;4;7,285714285714286
HRJP;UNIDADE INTERNAÇÃO - CLÍNICA TISIOLÓGICA ALA C;2025;5;5,416666666666667
HRJP;UNIDADE INTERNAÇÃO - CLÍNICA TISIOLÓGICA ALA C;2025;6;7,7
HRJP;UNIDADE INTERNAÇÃO - CLÍNICA TISIOLÓGICA ALA C;2025;7;20,4
HRJP;UNIDADE INTERNAÇÃO - CLÍNICA TISIOLÓGICA ALA C;2025;8;7,2727272727272725
HRJP;UNIDADE INTERNAÇÃO - CLÍNICA TISIOLÓGICA ALA C;2025;10;11,0
HRJP;UNIDADE INTERNAÇÃO - CLÍNICA TISIOLÓGICA ALA C;2025;11;24,666666666666668
HRJP;UNIDADE INTERNAÇÃO - CLÍNICA TISIOLÓGICA ALA C;2025;12;9,1
HRJP;UNIDADE INTERNAÇÃO - CLÍNICA TISIOLÓGICA ALA C;2026;5;11,0
HRJP;UNIDADE INTERNAÇÃO - CLÍNICA TISIOLÓGICA ALA C;2026;6;12,3
HRJP;UTI - ADULTO;2024;11;16,166666666666668
HRJP;UTI - ADULTO;2024;12;17,58823529411765
HRJP;UTI - ADULTO;2025;1;16,19047619047619
HRJP;UTI - ADULTO;2025;2;10,185185185185185
HRJP;UTI - ADULTO;2025;3;6,369565217391305
HRJP;UTI - ADULTO;2025;4;9,666666666666666
HRJP;UTI - ADULTO;2025;5;9,06060606060606
HRJP;UTI - ADULTO;2025;6;7,3
HRJP;UTI - ADULTO;2025;7;10,066666666666666
HRJP;UTI - ADULTO;2025;8;10,2
HRJP;UTI - ADULTO;2025;9;7,864864864864865
HRJP;UTI - ADULTO;2025;10;5,9411764705882355
HRJP;UTI - ADULTO;2025;11;7,166666666666667
HRJP;UTI - ADULTO;2025;12;7,255813953488372
HRJP;UTI - ADULTO;2026;1;6,51063829787234
HRJP;UTI - ADULTO;2026;2;8,609756097560975
HRJP;UTI - ADULTO;2026;3;8,421052631578947
HRJP;UTI - ADULTO;2026;4;6,936507936507937
HRJP;UTI - ADULTO;2026;5;9,68
HRJP;UTI - ADULTO;2026;6;12,261904761904763
HRJP;UTI - NEONATAL I;2024;11;10,3
HRJP;UTI - NEONATAL I;2025;1;14,333333333333334
HRJP;UTI - NEONATAL I;2025;3;18,5625
HRJP;UTI - NEONATAL I;2025;4;12,894736842105264
HRJP;UTI - NEONATAL I;2025;5;21,0
HRJP;UTI - NEONATAL I;2025;6;22,666666666666668
HRJP;UTI - NEONATAL I;2025;7;13,705882352941176
HRJP;UTI - NEONATAL I;2025;8;15,333333333333334
HRJP;UTI - NEONATAL I;2025;9;18,636363636363637
HRJP;UTI - NEONATAL I;2025;10;11,0
HRJP;UTI - NEONATAL I;2025;11;11,55
HRJP;UTI - NEONATAL I;2025;12;17,923076923076923
HRJP;UTI - NEONATAL I;2026;1;12,26086956521739
HRJP;UTI - NEONATAL I;2026;3;18,642857142857142
HRJP;UTI - NEONATAL I;2026;4;25,09090909090909
HRJP;UTI - NEONATAL I;2026;5;29,0
HRJP;UTI - NEONATAL I;2026;6;17,214285714285715
HRJP;UTI - NEONATAL II;2025;4;15,5
HRJP;UTI - NEONATAL II;2025;5;10,166666666666666
HRJP;UTI - NEONATAL II;2025;6;12,8125
HRJP;UTI - NEONATAL II;2025;7;11,666666666666666
HRJP;UTI - NEONATAL II;2025;8;13,071428571428571
HRJP;UTI - NEONATAL II;2025;9;26,571428571428573
HRJP;UTI - NEONATAL II;2025;10;15,2
HRJP;UTI - PEDIÁTRICO;2024;12;7,3
HRJP;UTI - PEDIÁTRICO;2025;1;5,571428571428571
HRJP;UTI - PEDIÁTRICO;2025;2;9,0
HRJP;UTI - PEDIÁTRICO;2025;3;12,571428571428571
HRJP;UTI - PEDIÁTRICO;2025;4;7,3076923076923075
HRJP;UTI - PEDIÁTRICO;2025;5;9,407407407407407
HRJP;UTI - PEDIÁTRICO;2025;6;6,71875
HRJP;UTI - PEDIÁTRICO;2025;7;5,090909090909091
HRJP;UTI - PEDIÁTRICO;2025;8;11,307692307692308
HRJP;UTI - PEDIÁTRICO;2025;9;7,5
HRJP;UTI - PEDIÁTRICO;2025;10;9,9
HRJP;UTI - PEDIÁTRICO;2025;11;10,4
HRJP;UTI - PEDIÁTRICO;2025;12;6,733333333333333
HRJP;UTI - PEDIÁTRICO;2026;1;8,666666666666666
HRJP;UTI - PEDIÁTRICO;2026;2;7,0625
HRJP;UTI - PEDIÁTRICO;2026;3;8,241379310344827
HRJP;UTI - PEDIÁTRICO;2026;4;6,324324324324325
HRJP;UTI - PEDIÁTRICO;2026;5;9,782608695652174
HRJP;UTI - PEDIÁTRICO;2026;6;9,333333333333334
IRS;ALA A;2023;8;172,25
IRS;ALA A;2023;9;121,8
IRS;ALA A;2023;10;194,66666666666666
IRS;ALA A;2023;11;207,33333333333334
IRS;ALA A;2023;12;239,0
IRS;ALA A;2024;1;70,125
IRS;ALA A;2024;2;34,142857142857146
IRS;ALA A;2024;3;82,0
IRS;ALA A;2024;4;116,5
IRS;ALA A;2024;5;141,66666666666666
IRS;ALA A;2024;6;121,25
IRS;ALA A;2024;7;69,8
IRS;ALA A;2024;8;218,5
IRS;ALA A;2024;9;333,0
IRS;ALA A;2024;10;105,25
IRS;ALA A;2024;11;206,0
IRS;ALA A;2024;12;83,66666666666667
IRS;ALA A;2025;1;34,8
IRS;ALA A;2025;2;22,428571428571427
IRS;ALA A;2025;3;18,210526315789473
IRS;ALA A;2025;4;38,0
IRS;ALA A;2025;5;20,5
IRS;ALA A;2025;6;34,0
IRS;ALA A;2025;7;15,333333333333334
IRS;ALA A;2025;8;33,61538461538461
IRS;ALA A;2025;9;22,944444444444443
IRS;ALA A;2025;10;23,764705882352942
IRS;ALA A;2025;11;20,444444444444443
IRS;ALA A;2025;12;17,0
IRS;ALA A;2026;1;33,23076923076923
IRS;ALA A;2026;2;20,75
IRS;ALA A;2026;3;24,666666666666668
IRS;ALA A;2026;4;24,666666666666668
IRS;ALA A;2026;5;39,083333333333336
IRS;ALA A;2026;6;26,647058823529413
IRS;ALA B;2023;8;105,16666666666667
IRS;ALA B;2023;9;76,66666666666667
IRS;ALA B;2023;10;86,5
IRS;ALA B;2023;11;269,0
IRS;ALA B;2023;12;141,33333333333334
IRS;ALA B;2024;1;139,66666666666666
IRS;ALA B;2024;2;55,42857142857143
IRS;ALA B;2024;3;117,0
IRS;ALA B;2024;4;84,5
IRS;ALA B;2024;5;56,2
IRS;ALA B;2024;6;10,64516129032258
IRS;ALA B;2024;7;82,25
IRS;ALA B;2024;8;327,0
IRS;ALA B;2024;9;107,0
IRS;ALA B;2024;10;105,5
IRS;ALA B;2024;11;446,0
IRS;ALA B;2024;12;81,66666666666667
IRS;ALA B;2025;1;18,818181818181817
IRS;ALA B;2025;2;34,25
IRS;ALA B;2025;3;23,0
IRS;ALA B;2025;4;24,375
IRS;ALA B;2025;5;24,058823529411764
IRS;ALA B;2025;6;25,75
IRS;ALA B;2025;7;20,61111111111111
IRS;ALA B;2025;8;26,6875
IRS;ALA B;2025;9;23,166666666666668
IRS;ALA B;2025;10;23,833333333333332
IRS;ALA B;2025;11;20,61111111111111
IRS;ALA B;2025;12;25,916666666666668
IRS;ALA B;2026;1;22,25
IRS;ALA B;2026;2;36,333333333333336
IRS;ALA B;2026;3;18,61904761904762
IRS;ALA B;2026;4;14,964285714285714
IRS;ALA B;2026;5;21,0
IRS;ALA B;2026;6;21,19047619047619
IRS;ALA C;2023;8;59,6
IRS;ALA C;2023;9;196,33333333333334
IRS;ALA C;2023;10;63,333333333333336
IRS;ALA C;2023;11;175,33333333333334
IRS;ALA C;2023;12;253,5
IRS;ALA C;2024;1;9,071428571428571
IRS;ALA C;2024;2;57,0
IRS;ALA C;2024;3;113,0
IRS;ALA C;2024;4;427,0
IRS;ALA C;2024;5;241,0
IRS;ALA C;2024;6;19,083333333333332
IRS;ALA C;2024;7;110,0
IRS;ALA C;2024;8;90,0
IRS;ALA C;2024;9;260,0
IRS;ALA C;2024;10;219,0
IRS;ALA C;2024;11;81,0
IRS;ALA C;2024;12;157,0
IRS;ALA C;2025;1;16,36
IRS;ALA C;2025;2;26,055555555555557
IRS;ALA C;2025;3;25,772727272727273
IRS;ALA C;2025;4;24,565217391304348
IRS;ALA C;2025;5;24,217391304347824
IRS;ALA C;2025;6;26,904761904761905
IRS;ALA C;2025;7;27,8125
IRS;ALA C;2025;8;19,041666666666668
IRS;ALA C;2025;9;41,46153846153846
IRS;ALA C;2025;10;23,444444444444443
IRS;ALA C;2025;11;28,0
IRS;ALA C;2025;12;14,91304347826087
IRS;ALA C;2026;1;22,666666666666668
IRS;ALA C;2026;2;34,06666666666667
IRS;ALA C;2026;3;26,8
IRS;ALA C;2026;4;19,695652173913043
IRS;ALA C;2026;5;31,266666666666666
IRS;ALA C;2026;6;33,31578947368421
IRS;ALA D;2024;1;29,285714285714285
IRS;ALA D;2024;11;69,8
IRS;ALA D;2024;12;332,0
IRS;ALA D;2025;1;19,4
IRS;ALA D;2025;2;55,666666666666664
IRS;ALA D;2025;3;25,176470588235293
IRS;ALA D;2025;4;21,473684210526315
IRS;ALA D;2025;5;23,0
IRS;ALA D;2025;6;25,941176470588236
IRS;ALA D;2025;7;19,4
IRS;ALA D;2025;8;23,857142857142858
IRS;ALA D;2025;9;36,4
IRS;ALA D;2025;10;27,294117647058822
IRS;ALA D;2025;11;22,65
IRS;ALA D;2025;12;21,0
IRS;ALA D;2026;1;26,235294117647058
IRS;ALA D;2026;2;23,866666666666667
IRS;ALA D;2026;3;15,153846153846153
IRS;ALA D;2026;4;18,61111111111111
IRS;ALA D;2026;5;25,071428571428573
IRS;ALA D;2026;6;21,238095238095237
IRS;ALA E;2023;8;121,0
IRS;ALA E;2023;9;506,0
IRS;ALA E;2023;10;177,66666666666666
IRS;ALA E;2023;11;222,5
IRS;ALA E;2023;12;198,0
IRS;ALA E;2024;1;163,66666666666666
IRS;ALA E;2024;2;15,117647058823529
IRS;ALA E;2024;3;120,0
IRS;ALA E;2024;4;94,33333333333333
IRS;ALA E;2024;5;461,0
IRS;ALA E;2024;6;155,0
IRS;ALA E;2024;8;95,75
IRS;ALA E;2024;9;185,0
IRS;ALA E;2024;10;6,166666666666667
IRS;ALA F;2024;2;8,909090909090908
IRS;ALA F;2024;6;5,142857142857143
IRS;UNIDADE URGÊNCIA/EMERGÊNCIA - OBSERVAÇÃO;2023;8;1,2923076923076924
IRS;UNIDADE URGÊNCIA/EMERGÊNCIA - OBSERVAÇÃO;2023;9;1,6557377049180328
IRS;UNIDADE URGÊNCIA/EMERGÊNCIA - OBSERVAÇÃO;2023;10;1,0263157894736843
IRS;UNIDADE URGÊNCIA/EMERGÊNCIA - OBSERVAÇÃO;2023;11;1,09375
IRS;UNIDADE URGÊNCIA/EMERGÊNCIA - OBSERVAÇÃO;2023;12;2,3454545454545452
IRS;UNIDADE URGÊNCIA/EMERGÊNCIA - OBSERVAÇÃO;2024;1;2,1884057971014492
IRS;UNIDADE URGÊNCIA/EMERGÊNCIA - OBSERVAÇÃO;2024;2;2,48
IRS;UNIDADE URGÊNCIA/EMERGÊNCIA - OBSERVAÇÃO;2024;3;2,979591836734694
IRS;UNIDADE URGÊNCIA/EMERGÊNCIA - OBSERVAÇÃO;2024;4;2,142857142857143
IRS;UNIDADE URGÊNCIA/EMERGÊNCIA - OBSERVAÇÃO;2024;5;2,375
IRS;UNIDADE URGÊNCIA/EMERGÊNCIA - OBSERVAÇÃO;2024;6;1,9275362318840579
IRS;UNIDADE URGÊNCIA/EMERGÊNCIA - OBSERVAÇÃO;2024;7;1,4861111111111112
IRS;UNIDADE URGÊNCIA/EMERGÊNCIA - OBSERVAÇÃO;2024;8;2,129032258064516
IRS;UNIDADE URGÊNCIA/EMERGÊNCIA - OBSERVAÇÃO;2024;9;1,94
IRS;UNIDADE URGÊNCIA/EMERGÊNCIA - OBSERVAÇÃO;2024;10;1,917808219178082
IRS;UNIDADE URGÊNCIA/EMERGÊNCIA - OBSERVAÇÃO;2024;11;1,5833333333333333
IRS;UNIDADE URGÊNCIA/EMERGÊNCIA - OBSERVAÇÃO;2024;12;1,7872340425531914
IRS;UNIDADE URGÊNCIA/EMERGÊNCIA - OBSERVAÇÃO;2025;1;1,3974358974358974
IRS;UNIDADE URGÊNCIA/EMERGÊNCIA - OBSERVAÇÃO;2025;2;1,3174603174603174
IRS;UNIDADE URGÊNCIA/EMERGÊNCIA - OBSERVAÇÃO;2025;3;1,4927536231884058
IRS;UNIDADE URGÊNCIA/EMERGÊNCIA - OBSERVAÇÃO;2025;4;1,608695652173913
IRS;UNIDADE URGÊNCIA/EMERGÊNCIA - OBSERVAÇÃO;2025;5;1,7638888888888888
IRS;UNIDADE URGÊNCIA/EMERGÊNCIA - OBSERVAÇÃO;2025;6;1,4444444444444444
IRS;UNIDADE URGÊNCIA/EMERGÊNCIA - OBSERVAÇÃO;2025;7;1,5945945945945945
IRS;UNIDADE URGÊNCIA/EMERGÊNCIA - OBSERVAÇÃO;2025;8;1,4714285714285715
IRS;UNIDADE URGÊNCIA/EMERGÊNCIA - OBSERVAÇÃO;2025;9;1,3888888888888888
IRS;UNIDADE URGÊNCIA/EMERGÊNCIA - OBSERVAÇÃO;2025;10;1,2526315789473683
IRS;UNIDADE URGÊNCIA/EMERGÊNCIA - OBSERVAÇÃO;2025;11;1,6231884057971016
IRS;UNIDADE URGÊNCIA/EMERGÊNCIA - OBSERVAÇÃO;2025;12;1,7971014492753623
IRS;UNIDADE URGÊNCIA/EMERGÊNCIA - OBSERVAÇÃO;2026;1;2,013888888888889
IRS;UNIDADE URGÊNCIA/EMERGÊNCIA - OBSERVAÇÃO;2026;2;1,565217391304348
IRS;UNIDADE URGÊNCIA/EMERGÊNCIA - OBSERVAÇÃO;2026;3;1,3908045977011494
IRS;UNIDADE URGÊNCIA/EMERGÊNCIA - OBSERVAÇÃO;2026;4;1,3026315789473684
IRS;UNIDADE URGÊNCIA/EMERGÊNCIA - OBSERVAÇÃO;2026;5;1,1287128712871286
IRS;UNIDADE URGÊNCIA/EMERGÊNCIA - OBSERVAÇÃO;2026;6;1,3924050632911393
IRS;UTC - UNIDADE DE TRATAMENTO CLÍNICO;2023;8;39,0
IRS;UTC - UNIDADE DE TRATAMENTO CLÍNICO;2023;9;24,8
IRS;UTC - UNIDADE DE TRATAMENTO CLÍNICO;2023;10;14,25
IRS;UTC - UNIDADE DE TRATAMENTO CLÍNICO;2023;11;45,333333333333336
IRS;UTC - UNIDADE DE TRATAMENTO CLÍNICO;2023;12;43,5
IRS;UTC - UNIDADE DE TRATAMENTO CLÍNICO;2024;1;34,6
IRS;UTC - UNIDADE DE TRATAMENTO CLÍNICO;2024;2;40,25
IRS;UTC - UNIDADE DE TRATAMENTO CLÍNICO;2024;3;72,0
IRS;UTC - UNIDADE DE TRATAMENTO CLÍNICO;2024;4;38,75
IRS;UTC - UNIDADE DE TRATAMENTO CLÍNICO;2024;5;35,5
IRS;UTC - UNIDADE DE TRATAMENTO CLÍNICO;2024;6;50,0
IRS;UTC - UNIDADE DE TRATAMENTO CLÍNICO;2024;7;53,333333333333336
IRS;UTC - UNIDADE DE TRATAMENTO CLÍNICO;2024;8;29,333333333333332
IRS;UTC - UNIDADE DE TRATAMENTO CLÍNICO;2024;9;67,5
IRS;UTC - UNIDADE DE TRATAMENTO CLÍNICO;2024;10;45,25
IRS;UTC - UNIDADE DE TRATAMENTO CLÍNICO;2024;11;17,571428571428573
IRS;UTC - UNIDADE DE TRATAMENTO CLÍNICO;2024;12;25,428571428571427
IRS;UTC - UNIDADE DE TRATAMENTO CLÍNICO;2025;1;24,857142857142858
IRS;UTC - UNIDADE DE TRATAMENTO CLÍNICO;2025;2;14,636363636363637
IRS;UTC - UNIDADE DE TRATAMENTO CLÍNICO;2025;3;29,0
IRS;UTC - UNIDADE DE TRATAMENTO CLÍNICO;2025;4;9,428571428571429
IRS;UTC - UNIDADE DE TRATAMENTO CLÍNICO;2025;5;13,083333333333334
IRS;UTC - UNIDADE DE TRATAMENTO CLÍNICO;2025;6;22,142857142857142
IRS;UTC - UNIDADE DE TRATAMENTO CLÍNICO;2025;7;17,22222222222222
IRS;UTC - UNIDADE DE TRATAMENTO CLÍNICO;2025;8;13,555555555555555
IRS;UTC - UNIDADE DE TRATAMENTO CLÍNICO;2025;9;11,272727272727273
IRS;UTC - UNIDADE DE TRATAMENTO CLÍNICO;2025;10;20,5
IRS;UTC - UNIDADE DE TRATAMENTO CLÍNICO;2025;11;24,0
IRS;UTC - UNIDADE DE TRATAMENTO CLÍNICO;2025;12;23,714285714285715
IRS;UTC - UNIDADE DE TRATAMENTO CLÍNICO;2026;1;35,2
IRS;UTC - UNIDADE DE TRATAMENTO CLÍNICO;2026;2;19,125
IRS;UTC - UNIDADE DE TRATAMENTO CLÍNICO;2026;3;23,142857142857142
IRS;UTC - UNIDADE DE TRATAMENTO CLÍNICO;2026;4;16,5
IRS;UTC - UNIDADE DE TRATAMENTO CLÍNICO;2026;5;8,125
IRS;UTC - UNIDADE DE TRATAMENTO CLÍNICO;2026;6;23,428571428571427
MOV;ALOJAMENTO CONJUNTO;2023;4;16,884615384615383
MOV;ALOJAMENTO CONJUNTO;2023;5;14,0
MOV;ALOJAMENTO CONJUNTO;2023;6;17,869565217391305
MOV;ALOJAMENTO CONJUNTO;2023;7;22,571428571428573
MOV;ALOJAMENTO CONJUNTO;2023;8;14,714285714285714
MOV;ALOJAMENTO CONJUNTO;2023;9;15,117647058823529
MOV;ALOJAMENTO CONJUNTO;2023;10;14,25
MOV;ALOJAMENTO CONJUNTO;2023;11;12,511627906976743
MOV;ALOJAMENTO CONJUNTO;2023;12;10,348837209302326
MOV;ALOJAMENTO CONJUNTO;2024;1;10,66
MOV;ALOJAMENTO CONJUNTO;2024;2;4,0852713178294575
MOV;ALOJAMENTO CONJUNTO;2024;3;5,016949152542373
MOV;ALOJAMENTO CONJUNTO;2024;4;4,464285714285714
MOV;ALOJAMENTO CONJUNTO;2024;5;4,347222222222222
MOV;ALOJAMENTO CONJUNTO;2024;6;5,490384615384615
MOV;ALOJAMENTO CONJUNTO;2024;7;22,04
MOV;ALOJAMENTO CONJUNTO;2024;8;53,36363636363637
MOV;ALOJAMENTO CONJUNTO;2024;9;31,4
MOV;ALOJAMENTO CONJUNTO;2024;10;59,9
MOV;ALOJAMENTO CONJUNTO;2024;11;43,46666666666667
MOV;ALOJAMENTO CONJUNTO;2024;12;85,75
MOV;ALOJAMENTO CONJUNTO;2025;1;2,648550724637681
MOV;ALOJAMENTO CONJUNTO;2025;2;2,4928057553956835
MOV;ALOJAMENTO CONJUNTO;2025;3;2,7430555555555554
MOV;ALOJAMENTO CONJUNTO;2025;4;2,3422818791946307
MOV;ALOJAMENTO CONJUNTO;2025;5;2,807377049180328
MOV;ALOJAMENTO CONJUNTO;2025;6;2,7522935779816513
MOV;ALOJAMENTO CONJUNTO;2025;7;2,705607476635514
MOV;ALOJAMENTO CONJUNTO;2025;8;2,8222222222222224
MOV;ALOJAMENTO CONJUNTO;2025;9;2,4525862068965516
MOV;ALOJAMENTO CONJUNTO;2025;10;2,5610859728506785
MOV;ALOJAMENTO CONJUNTO;2025;11;2,415525114155251
MOV;ALOJAMENTO CONJUNTO;2025;12;2,9049773755656108
MOV;ALOJAMENTO CONJUNTO;2026;1;2,904109589041096
MOV;ALOJAMENTO CONJUNTO;2026;2;2,738095238095238
MOV;ALOJAMENTO CONJUNTO;2026;3;2,674698795180723
MOV;ALOJAMENTO CONJUNTO;2026;4;2,58008658008658
MOV;ALOJAMENTO CONJUNTO;2026;5;2,6159695817490496
MOV;ALOJAMENTO CONJUNTO;2026;6;2,632034632034632
MOV;CLINICA CIRÚRGICA;2023;4;5,758620689655173
MOV;CLINICA CIRÚRGICA;2023;5;7,0
MOV;CLINICA CIRÚRGICA;2023;6;10,5
MOV;CLINICA CIRÚRGICA;2023;7;8,304347826086957
MOV;CLINICA CIRÚRGICA;2023;8;8,963636363636363
MOV;CLINICA CIRÚRGICA;2023;9;10,23404255319149
MOV;CLINICA CIRÚRGICA;2023;10;9,347826086956522
MOV;CLINICA CIRÚRGICA;2023;11;8,4
MOV;CLINICA CIRÚRGICA;2023;12;9,508771929824562
MOV;CLINICA CIRÚRGICA;2024;1;8,767857142857142
MOV;CLINICA CIRÚRGICA;2024;2;5,708860759493671
MOV;CLINICA CIRÚRGICA;2024;3;6,353658536585366
MOV;CLINICA CIRÚRGICA;2024;4;4,881944444444445
MOV;CLINICA CIRÚRGICA;2024;5;5,25
MOV;CLINICA CIRÚRGICA;2024;6;5,123076923076923
MOV;CLINICA CIRÚRGICA;2024;7;13,48
MOV;CLINICA CIRÚRGICA;2024;8;35,0
MOV;CLINICA CIRÚRGICA;2024;9;11,823529411764707
MOV;CLINICA CIRÚRGICA;2024;10;13,592592592592593
MOV;CLINICA CIRÚRGICA;2024;11;12,413793103448276
MOV;CLINICA CIRÚRGICA;2024;12;27,7
MOV;CLINICA CIRÚRGICA;2025;1;2,134920634920635
MOV;CLINICA CIRÚRGICA;2025;2;2,019607843137255
MOV;CLINICA CIRÚRGICA;2025;3;1,9835164835164836
MOV;CLINICA CIRÚRGICA;2025;4;2,096590909090909
MOV;CLINICA CIRÚRGICA;2025;5;2,0076335877862594
MOV;CLINICA CIRÚRGICA;2025;6;2,008695652173913
MOV;CLINICA CIRÚRGICA;2025;7;2,290155440414508
MOV;CLINICA CIRÚRGICA;2025;8;2,566473988439306
MOV;CLINICA CIRÚRGICA;2025;9;2,3025641025641024
MOV;CLINICA CIRÚRGICA;2025;10;2,071090047393365
MOV;CLINICA CIRÚRGICA;2025;11;1,8714285714285714
MOV;CLINICA CIRÚRGICA;2025;12;2,2865853658536586
MOV;CLINICA CIRÚRGICA;2026;1;1,9696969696969697
MOV;CLINICA CIRÚRGICA;2026;2;1,9429824561403508
MOV;CLINICA CIRÚRGICA;2026;3;2,048
MOV;CLINICA CIRÚRGICA;2026;4;2,2777777777777777
MOV;CLINICA CIRÚRGICA;2026;5;2,177685950413223
MOV;CLINICA CIRÚRGICA;2026;6;2,316017316017316
MOV;PRÉ-PARTO;2023;4;0,09523809523809523
MOV;PRÉ-PARTO;2023;5;0,04609929078014184
MOV;PRÉ-PARTO;2023;6;0,02857142857142857
MOV;PRÉ-PARTO;2023;7;0,04316546762589928
MOV;PRÉ-PARTO;2023;8;0,032679738562091505
MOV;PRÉ-PARTO;2023;9;0,06324110671936758
MOV;PRÉ-PARTO;2023;10;0,07718120805369127
MOV;PRÉ-PARTO;2023;11;0,1392857142857143
MOV;PRÉ-PARTO;2023;12;0,3954983922829582
MOV;PRÉ-PARTO;2024;1;0,36363636363636365
MOV;PRÉ-PARTO;2024;2;0,36482084690553745
MOV;PRÉ-PARTO;2024;3;0,3507246376811594
MOV;PRÉ-PARTO;2024;4;0,36890243902439024
MOV;PRÉ-PARTO;2024;5;0,3835227272727273
MOV;PRÉ-PARTO;2024;6;0,43416370106761565
MOV;PRÉ-PARTO;2024;7;0,5330578512396694
MOV;PRÉ-PARTO;2024;8;0,6490384615384616
MOV;PRÉ-PARTO;2024;9;0,7380952380952381
MOV;PRÉ-PARTO;2024;10;0,5942028985507246
MOV;PRÉ-PARTO;2024;11;0,5795454545454546
MOV;PRÉ-PARTO;2024;12;0,693069306930693
MOV;PRÉ-PARTO;2025;1;0,6862745098039216
MOV;PRÉ-PARTO;2025;2;0,7931034482758621
MOV;PRÉ-PARTO;2025;3;0,8064516129032258
MOV;PRÉ-PARTO;2025;4;0,7955390334572491
MOV;PRÉ-PARTO;2025;5;0,7470355731225297
MOV;PRÉ-PARTO;2025;6;0,7165354330708661
MOV;PRÉ-PARTO;2025;7;0,6180904522613065
MOV;PRÉ-PARTO;2025;8;0,6551724137931034
MOV;PRÉ-PARTO;2025;9;0,631578947368421
MOV;PRÉ-PARTO;2025;10;0,6473214285714286
MOV;PRÉ-PARTO;2025;11;0,5633802816901409
MOV;PRÉ-PARTO;2025;12;0,5833333333333334
MOV;PRÉ-PARTO;2026;1;0,5746606334841629
MOV;PRÉ-PARTO;2026;2;0,5769230769230769
MOV;PRÉ-PARTO;2026;3;0,7168141592920354
MOV;PRÉ-PARTO;2026;4;0,6441441441441441
MOV;PRÉ-PARTO;2026;5;0,5780590717299579
MOV;PRÉ-PARTO;2026;6;0,6167400881057269
MOV;SALA DE ESPERA - BLOCO CIRÚRGICO;2025;11;0,15625
MOV;SALA DE ESPERA - BLOCO CIRÚRGICO;2025;12;0,15789473684210525
MOV;SALA DE ESPERA - BLOCO CIRÚRGICO;2026;1;0,41935483870967744
MOV;SALA DE ESPERA - BLOCO CIRÚRGICO;2026;2;0,5344827586206896
MOV;SALA DE ESPERA - BLOCO CIRÚRGICO;2026;3;0,5833333333333334
MOV;SALA DE ESPERA - BLOCO CIRÚRGICO;2026;4;0,3968253968253968
MOV;SALA DE ESPERA - BLOCO CIRÚRGICO;2026;5;0,25316455696202533
MOV;SALA DE ESPERA - BLOCO CIRÚRGICO;2026;6;0,5443037974683544
MOV;SALA DE ESPERA - BLOCO OBSTÉTRICO;2025;11;0,13636363636363635
MOV;SALA DE ESPERA - BLOCO OBSTÉTRICO;2025;12;0,18478260869565216
MOV;SALA DE ESPERA - BLOCO OBSTÉTRICO;2026;1;0,1206896551724138
MOV;SALA DE ESPERA - BLOCO OBSTÉTRICO;2026;4;0,09929078014184398
MOV;SALA DE ESPERA - BLOCO OBSTÉTRICO;2026;5;0,17647058823529413
MOV;SALA DE ESPERA - BLOCO OBSTÉTRICO;2026;6;0,18840579710144928
MOV;UNIDADE DE CUIDADO INTERMEDIÁRIO NEONATAL CANGURU;2023;4;13,857142857142858
MOV;UNIDADE DE CUIDADO INTERMEDIÁRIO NEONATAL CANGURU;2023;5;273,0
MOV;UNIDADE DE CUIDADO INTERMEDIÁRIO NEONATAL CANGURU;2023;6;58,2
MOV;UNIDADE DE CUIDADO INTERMEDIÁRIO NEONATAL CANGURU;2023;7;30,25
MOV;UNIDADE DE CUIDADO INTERMEDIÁRIO NEONATAL CANGURU;2023;8;51,666666666666664
MOV;UNIDADE DE CUIDADO INTERMEDIÁRIO NEONATAL CANGURU;2023;9;224,0
MOV;UNIDADE DE CUIDADO INTERMEDIÁRIO NEONATAL CANGURU;2023;10;90,25
MOV;UNIDADE DE CUIDADO INTERMEDIÁRIO NEONATAL CANGURU;2023;11;62,5
MOV;UNIDADE DE CUIDADO INTERMEDIÁRIO NEONATAL CANGURU;2023;12;7,416666666666667
MOV;UNIDADE DE CUIDADO INTERMEDIÁRIO NEONATAL CANGURU;2024;1;10,666666666666666
MOV;UNIDADE DE CUIDADO INTERMEDIÁRIO NEONATAL CANGURU;2024;2;77,0
MOV;UNIDADE DE CUIDADO INTERMEDIÁRIO NEONATAL CANGURU;2024;5;26,666666666666668
MOV;UNIDADE DE CUIDADO INTERMEDIÁRIO NEONATAL CANGURU;2024;6;26,333333333333332
MOV;UNIDADE DE CUIDADO INTERMEDIÁRIO NEONATAL CANGURU;2024;7;44,0
MOV;UNIDADE DE CUIDADO INTERMEDIÁRIO NEONATAL CANGURU;2024;8;117,0
MOV;UNIDADE DE CUIDADO INTERMEDIÁRIO NEONATAL CANGURU;2024;10;23,333333333333332
MOV;UNIDADE DE CUIDADO INTERMEDIÁRIO NEONATAL CANGURU;2024;12;61,5
MOV;UNIDADE DE CUIDADO INTERMEDIÁRIO NEONATAL CANGURU;2025;1;9,23076923076923
MOV;UNIDADE DE CUIDADO INTERMEDIÁRIO NEONATAL CANGURU;2025;2;6,2
MOV;UNIDADE DE CUIDADO INTERMEDIÁRIO NEONATAL CANGURU;2025;3;2,8333333333333335
MOV;UNIDADE DE CUIDADO INTERMEDIÁRIO NEONATAL CANGURU;2025;4;1,9
MOV;UNIDADE DE CUIDADO INTERMEDIÁRIO NEONATAL CANGURU;2025;5;2,8461538461538463
MOV;UNIDADE DE CUIDADO INTERMEDIÁRIO NEONATAL CANGURU;2025;6;6,882352941176471
MOV;UNIDADE DE CUIDADO INTERMEDIÁRIO NEONATAL CANGURU;2025;7;7,666666666666667
MOV;UNIDADE DE CUIDADO INTERMEDIÁRIO NEONATAL CANGURU;2025;8;6,928571428571429
MOV;UNIDADE DE CUIDADO INTERMEDIÁRIO NEONATAL CANGURU;2025;9;7,153846153846154
MOV;UNIDADE DE CUIDADO INTERMEDIÁRIO NEONATAL CANGURU;2025;10;7,2
MOV;UNIDADE DE CUIDADO INTERMEDIÁRIO NEONATAL CANGURU;2025;11;9,142857142857142
MOV;UNIDADE DE CUIDADO INTERMEDIÁRIO NEONATAL CANGURU;2025;12;9,1875
MOV;UNIDADE DE CUIDADO INTERMEDIÁRIO NEONATAL CANGURU;2026;1;6,230769230769231
MOV;UNIDADE DE CUIDADO INTERMEDIÁRIO NEONATAL CANGURU;2026;2;11,142857142857142
MOV;UNIDADE DE CUIDADO INTERMEDIÁRIO NEONATAL CANGURU;2026;3;9,545454545454545
MOV;UNIDADE DE CUIDADO INTERMEDIÁRIO NEONATAL CANGURU;2026;4;4,933333333333334
MOV;UNIDADE DE CUIDADO INTERMEDIÁRIO NEONATAL CANGURU;2026;5;8,875
MOV;UNIDADE DE CUIDADO INTERMEDIÁRIO NEONATAL CANGURU;2026;6;13,5
MOV;UNIDADE DE CUIDADO INTERMEDIÁRIO NEONATAL CONVENCIONAL;2023;4;7,656716417910448
MOV;UNIDADE DE CUIDADO INTERMEDIÁRIO NEONATAL CONVENCIONAL;2023;5;6,423076923076923
MOV;UNIDADE DE CUIDADO INTERMEDIÁRIO NEONATAL CONVENCIONAL;2023;6;6,605263157894737
MOV;UNIDADE DE CUIDADO INTERMEDIÁRIO NEONATAL CONVENCIONAL;2023;7;6,586666666666667
MOV;UNIDADE DE CUIDADO INTERMEDIÁRIO NEONATAL CONVENCIONAL;2023;8;8,476923076923077
MOV;UNIDADE DE CUIDADO INTERMEDIÁRIO NEONATAL CONVENCIONAL;2023;9;6,661764705882353
MOV;UNIDADE DE CUIDADO INTERMEDIÁRIO NEONATAL CONVENCIONAL;2023;10;5,7846153846153845
MOV;UNIDADE DE CUIDADO INTERMEDIÁRIO NEONATAL CONVENCIONAL;2023;11;4,376470588235295
MOV;UNIDADE DE CUIDADO INTERMEDIÁRIO NEONATAL CONVENCIONAL;2023;12;3,6744186046511627
MOV;UNIDADE DE CUIDADO INTERMEDIÁRIO NEONATAL CONVENCIONAL;2024;1;3,65
MOV;UNIDADE DE CUIDADO INTERMEDIÁRIO NEONATAL CONVENCIONAL;2024;2;3,6095238095238096
MOV;UNIDADE DE CUIDADO INTERMEDIÁRIO NEONATAL CONVENCIONAL;2024;3;4,257731958762887
MOV;UNIDADE DE CUIDADO INTERMEDIÁRIO NEONATAL CONVENCIONAL;2024;4;7,186440677966102
MOV;UNIDADE DE CUIDADO INTERMEDIÁRIO NEONATAL CONVENCIONAL;2024;5;3,9722222222222223
MOV;UNIDADE DE CUIDADO INTERMEDIÁRIO NEONATAL CONVENCIONAL;2024;6;3,3703703703703702
MOV;UNIDADE DE CUIDADO INTERMEDIÁRIO NEONATAL CONVENCIONAL;2024;7;8,048780487804878
MOV;UNIDADE DE CUIDADO INTERMEDIÁRIO NEONATAL CONVENCIONAL;2024;8;7,2439024390243905
MOV;UNIDADE DE CUIDADO INTERMEDIÁRIO NEONATAL CONVENCIONAL;2024;9;13,666666666666666
MOV;UNIDADE DE CUIDADO INTERMEDIÁRIO NEONATAL CONVENCIONAL;2024;10;11,216216216216216
MOV;UNIDADE DE CUIDADO INTERMEDIÁRIO NEONATAL CONVENCIONAL;2024;11;14,303030303030303
MOV;UNIDADE DE CUIDADO INTERMEDIÁRIO NEONATAL CONVENCIONAL;2024;12;15,0625
MOV;UNIDADE DE CUIDADO INTERMEDIÁRIO NEONATAL CONVENCIONAL;2025;1;7,809523809523809
MOV;UNIDADE DE CUIDADO INTERMEDIÁRIO NEONATAL CONVENCIONAL;2025;2;6,7727272727272725
MOV;UNIDADE DE CUIDADO INTERMEDIÁRIO NEONATAL CONVENCIONAL;2025;3;7,243243243243243
MOV;UNIDADE DE CUIDADO INTERMEDIÁRIO NEONATAL CONVENCIONAL;2025;4;13,95
MOV;UNIDADE DE CUIDADO INTERMEDIÁRIO NEONATAL CONVENCIONAL;2025;5;7,3108108108108105
MOV;UNIDADE DE CUIDADO INTERMEDIÁRIO NEONATAL CONVENCIONAL;2025;6;9,982758620689655
MOV;UNIDADE DE CUIDADO INTERMEDIÁRIO NEONATAL CONVENCIONAL;2025;7;7,224137931034483
MOV;UNIDADE DE CUIDADO INTERMEDIÁRIO NEONATAL CONVENCIONAL;2025;8;11,333333333333334
MOV;UNIDADE DE CUIDADO INTERMEDIÁRIO NEONATAL CONVENCIONAL;2025;9;11,357142857142858
MOV;UNIDADE DE CUIDADO INTERMEDIÁRIO NEONATAL CONVENCIONAL;2025;10;9,137931034482758
MOV;UNIDADE DE CUIDADO INTERMEDIÁRIO NEONATAL CONVENCIONAL;2025;11;9,777777777777779
MOV;UNIDADE DE CUIDADO INTERMEDIÁRIO NEONATAL CONVENCIONAL;2025;12;8,079365079365079
MOV;UNIDADE DE CUIDADO INTERMEDIÁRIO NEONATAL CONVENCIONAL;2026;1;7,617647058823529
MOV;UNIDADE DE CUIDADO INTERMEDIÁRIO NEONATAL CONVENCIONAL;2026;2;10,847826086956522
MOV;UNIDADE DE CUIDADO INTERMEDIÁRIO NEONATAL CONVENCIONAL;2026;3;9,0
MOV;UNIDADE DE CUIDADO INTERMEDIÁRIO NEONATAL CONVENCIONAL;2026;4;8,69811320754717
MOV;UNIDADE DE CUIDADO INTERMEDIÁRIO NEONATAL CONVENCIONAL;2026;5;7,375
MOV;UNIDADE DE CUIDADO INTERMEDIÁRIO NEONATAL CONVENCIONAL;2026;6;8,0
MOV;UNIDADE INTERNACAO ALTO-RISCO OBSTETRICO;2023;4;5,7368421052631575
MOV;UNIDADE INTERNACAO ALTO-RISCO OBSTETRICO;2023;5;6,986486486486487
MOV;UNIDADE INTERNACAO ALTO-RISCO OBSTETRICO;2023;6;13,95
MOV;UNIDADE INTERNACAO ALTO-RISCO OBSTETRICO;2023;7;12,3
MOV;UNIDADE INTERNACAO ALTO-RISCO OBSTETRICO;2023;8;12,227272727272727
MOV;UNIDADE INTERNACAO ALTO-RISCO OBSTETRICO;2023;9;11,69047619047619
MOV;UNIDADE INTERNACAO ALTO-RISCO OBSTETRICO;2023;10;9,90566037735849
MOV;UNIDADE INTERNACAO ALTO-RISCO OBSTETRICO;2023;11;11,666666666666666
MOV;UNIDADE INTERNACAO ALTO-RISCO OBSTETRICO;2023;12;7,819444444444445
MOV;UNIDADE INTERNACAO ALTO-RISCO OBSTETRICO;2024;1;8,72549019607843
MOV;UNIDADE INTERNACAO ALTO-RISCO OBSTETRICO;2024;2;7,492307692307692
MOV;UNIDADE INTERNACAO ALTO-RISCO OBSTETRICO;2024;3;5,663461538461538
MOV;UNIDADE INTERNACAO ALTO-RISCO OBSTETRICO;2024;4;4,064516129032258
MOV;UNIDADE INTERNACAO ALTO-RISCO OBSTETRICO;2024;5;6,2465753424657535
MOV;UNIDADE INTERNACAO ALTO-RISCO OBSTETRICO;2024;6;6,171428571428572
MOV;UNIDADE INTERNACAO ALTO-RISCO OBSTETRICO;2024;7;15,32
MOV;UNIDADE INTERNACAO ALTO-RISCO OBSTETRICO;2024;8;15,777777777777779
MOV;UNIDADE INTERNACAO ALTO-RISCO OBSTETRICO;2024;9;7,741379310344827
MOV;UNIDADE INTERNACAO ALTO-RISCO OBSTETRICO;2024;10;9,58974358974359
MOV;UNIDADE INTERNACAO ALTO-RISCO OBSTETRICO;2024;11;11,3125
MOV;UNIDADE INTERNACAO ALTO-RISCO OBSTETRICO;2024;12;14,884615384615385
MOV;UNIDADE INTERNACAO ALTO-RISCO OBSTETRICO;2025;1;3,180451127819549
MOV;UNIDADE INTERNACAO ALTO-RISCO OBSTETRICO;2025;2;3,883495145631068
MOV;UNIDADE INTERNACAO ALTO-RISCO OBSTETRICO;2025;3;2,8353658536585367
MOV;UNIDADE INTERNACAO ALTO-RISCO OBSTETRICO;2025;4;3,3282442748091605
MOV;UNIDADE INTERNACAO ALTO-RISCO OBSTETRICO;2025;5;3,4173228346456694
MOV;UNIDADE INTERNACAO ALTO-RISCO OBSTETRICO;2025;6;2,6216216216216215
MOV;UNIDADE INTERNACAO ALTO-RISCO OBSTETRICO;2025;7;3,0
MOV;UNIDADE INTERNACAO ALTO-RISCO OBSTETRICO;2025;8;3,2384615384615385
MOV;UNIDADE INTERNACAO ALTO-RISCO OBSTETRICO;2025;9;3,0839694656488548
MOV;UNIDADE INTERNACAO ALTO-RISCO OBSTETRICO;2025;10;2,965034965034965
MOV;UNIDADE INTERNACAO ALTO-RISCO OBSTETRICO;2025;11;3,192
MOV;UNIDADE INTERNACAO ALTO-RISCO OBSTETRICO;2025;12;2,9927007299270074
MOV;UNIDADE INTERNACAO ALTO-RISCO OBSTETRICO;2026;1;3,16793893129771
MOV;UNIDADE INTERNACAO ALTO-RISCO OBSTETRICO;2026;2;2,8702290076335877
MOV;UNIDADE INTERNACAO ALTO-RISCO OBSTETRICO;2026;3;2,9357142857142855
MOV;UNIDADE INTERNACAO ALTO-RISCO OBSTETRICO;2026;4;3,0923076923076924
MOV;UNIDADE INTERNACAO ALTO-RISCO OBSTETRICO;2026;5;2,887323943661972
MOV;UNIDADE INTERNACAO ALTO-RISCO OBSTETRICO;2026;6;2,847826086956522
MOV;UNIDADE URGÊNCIA/EMERGÊNCIA - INTERNAÇÃO;2023;4;0,5362318840579711
MOV;UNIDADE URGÊNCIA/EMERGÊNCIA - INTERNAÇÃO;2023;5;0,43577981651376146
MOV;UNIDADE URGÊNCIA/EMERGÊNCIA - INTERNAÇÃO;2023;6;0,9157894736842105
MOV;UNIDADE URGÊNCIA/EMERGÊNCIA - INTERNAÇÃO;2023;7;0,6682926829268293
MOV;UNIDADE URGÊNCIA/EMERGÊNCIA - INTERNAÇÃO;2023;8;0,628099173553719
MOV;UNIDADE URGÊNCIA/EMERGÊNCIA - INTERNAÇÃO;2023;9;0,6391304347826087
MOV;UNIDADE URGÊNCIA/EMERGÊNCIA - INTERNAÇÃO;2023;10;0,35714285714285715
MOV;UNIDADE URGÊNCIA/EMERGÊNCIA - INTERNAÇÃO;2023;11;0,31555555555555553
MOV;UNIDADE URGÊNCIA/EMERGÊNCIA - INTERNAÇÃO;2023;12;0,5023696682464455
MOV;UNIDADE URGÊNCIA/EMERGÊNCIA - INTERNAÇÃO;2024;1;0,583756345177665
MOV;UNIDADE URGÊNCIA/EMERGÊNCIA - INTERNAÇÃO;2024;2;0,4611872146118721
MOV;UNIDADE URGÊNCIA/EMERGÊNCIA - INTERNAÇÃO;2024;3;0,4224137931034483
MOV;UNIDADE URGÊNCIA/EMERGÊNCIA - INTERNAÇÃO;2024;4;0,31601731601731603
MOV;UNIDADE URGÊNCIA/EMERGÊNCIA - INTERNAÇÃO;2024;5;0,3472803347280335
MOV;UNIDADE URGÊNCIA/EMERGÊNCIA - INTERNAÇÃO;2024;6;0,7302325581395349
MOV;UNIDADE URGÊNCIA/EMERGÊNCIA - INTERNAÇÃO;2024;7;0,6098654708520179
MOV;UNIDADE URGÊNCIA/EMERGÊNCIA - INTERNAÇÃO;2024;8;0,4605809128630705
MOV;UNIDADE URGÊNCIA/EMERGÊNCIA - INTERNAÇÃO;2024;9;0,5575539568345323
MOV;UNIDADE URGÊNCIA/EMERGÊNCIA - INTERNAÇÃO;2024;10;0,5367965367965368
MOV;UNIDADE URGÊNCIA/EMERGÊNCIA - INTERNAÇÃO;2024;11;0,5990338164251208
MOV;UNIDADE URGÊNCIA/EMERGÊNCIA - INTERNAÇÃO;2024;12;0,6192660550458715
MOV;UNIDADE URGÊNCIA/EMERGÊNCIA - INTERNAÇÃO;2025;1;0,8090277777777778
MOV;UNIDADE URGÊNCIA/EMERGÊNCIA - INTERNAÇÃO;2025;2;0,7368421052631579
MOV;UNIDADE URGÊNCIA/EMERGÊNCIA - INTERNAÇÃO;2025;3;0,781021897810219
MOV;UNIDADE URGÊNCIA/EMERGÊNCIA - INTERNAÇÃO;2025;4;0,5551181102362205
MOV;UNIDADE URGÊNCIA/EMERGÊNCIA - INTERNAÇÃO;2025;5;0,541501976284585
MOV;UNIDADE URGÊNCIA/EMERGÊNCIA - INTERNAÇÃO;2025;6;1,0334928229665072
MOV;UNIDADE URGÊNCIA/EMERGÊNCIA - INTERNAÇÃO;2025;7;0,8705882352941177
MOV;UNIDADE URGÊNCIA/EMERGÊNCIA - INTERNAÇÃO;2025;8;0,8789473684210526
MOV;UNIDADE URGÊNCIA/EMERGÊNCIA - INTERNAÇÃO;2025;9;1,1016949152542372
MOV;UNIDADE URGÊNCIA/EMERGÊNCIA - INTERNAÇÃO;2025;10;0,7696078431372549
MOV;UNIDADE URGÊNCIA/EMERGÊNCIA - INTERNAÇÃO;2025;11;0,909952606635071
MOV;UNIDADE URGÊNCIA/EMERGÊNCIA - INTERNAÇÃO;2025;12;0,5666666666666667
MOV;UNIDADE URGÊNCIA/EMERGÊNCIA - INTERNAÇÃO;2026;1;0,5547703180212014
MOV;UNIDADE URGÊNCIA/EMERGÊNCIA - INTERNAÇÃO;2026;2;0,7205882352941176
MOV;UNIDADE URGÊNCIA/EMERGÊNCIA - INTERNAÇÃO;2026;3;0,8068965517241379
MOV;UNIDADE URGÊNCIA/EMERGÊNCIA - INTERNAÇÃO;2026;4;0,7237762237762237
MOV;UNIDADE URGÊNCIA/EMERGÊNCIA - INTERNAÇÃO;2026;5;0,8304498269896193
MOV;UNIDADE URGÊNCIA/EMERGÊNCIA - INTERNAÇÃO;2026;6;0,5773584905660377
MOV;UTI - ADULTO;2023;4;5,869565217391305
MOV;UTI - ADULTO;2023;5;2,2
MOV;UTI - ADULTO;2023;6;3,2758620689655173
MOV;UTI - ADULTO;2023;7;3,7419354838709675
MOV;UTI - ADULTO;2023;8;4,40625
MOV;UTI - ADULTO;2023;9;4,8
MOV;UTI - ADULTO;2023;10;6,233333333333333
MOV;UTI - ADULTO;2023;11;5,774193548387097
MOV;UTI - ADULTO;2023;12;8,68421052631579
MOV;UTI - ADULTO;2024;1;11,25
MOV;UTI - ADULTO;2024;2;7,379310344827586
MOV;UTI - ADULTO;2024;3;7,0606060606060606
MOV;UTI - ADULTO;2024;4;7,785714285714286
MOV;UTI - ADULTO;2024;5;4,979591836734694
MOV;UTI - ADULTO;2024;6;7,333333333333333
MOV;UTI - ADULTO;2024;7;12,866666666666667
MOV;UTI - ADULTO;2024;8;20,545454545454547
MOV;UTI - ADULTO;2024;9;9,0
MOV;UTI - ADULTO;2024;10;10,238095238095237
MOV;UTI - ADULTO;2024;11;11,941176470588236
MOV;UTI - ADULTO;2024;12;15,0
MOV;UTI - ADULTO;2025;1;4,520833333333333
MOV;UTI - ADULTO;2025;2;3,688888888888889
MOV;UTI - ADULTO;2025;3;4,1568627450980395
MOV;UTI - ADULTO;2025;4;3,737704918032787
MOV;UTI - ADULTO;2025;5;4,854166666666667
MOV;UTI - ADULTO;2025;6;6,514285714285714
MOV;UTI - ADULTO;2025;7;5,744186046511628
MOV;UTI - ADULTO;2025;8;4,9787234042553195
MOV;UTI - ADULTO;2025;9;5,72972972972973
MOV;UTI - ADULTO;2025;10;4,75
MOV;UTI - ADULTO;2025;11;4,534883720930233
MOV;UTI - ADULTO;2025;12;4,627906976744186
MOV;UTI - ADULTO;2026;1;4,588235294117647
MOV;UTI - ADULTO;2026;2;4,204545454545454
MOV;UTI - ADULTO;2026;3;6,944444444444445
MOV;UTI - ADULTO;2026;4;5,044444444444444
MOV;UTI - ADULTO;2026;5;4,26530612244898
MOV;UTI - ADULTO;2026;6;5,948717948717949
MOV;UTI - NEONATAL;2023;4;0,7524752475247525
MOV;UTI - NEONATAL;2023;5;0,23958333333333334
MOV;UTI - NEONATAL;2023;7;1,0459770114942528
MOV;UTI - NEONATAL;2023;8;1,0465116279069768
MOV;UTI - NEONATAL;2023;10;0,6483516483516484
MOV;UTI - NEONATAL;2023;11;1,8933333333333333
MOV;UTI - NEONATAL;2023;12;3,4571428571428573
MOV;UTI - NEONATAL;2024;1;3,752688172043011
MOV;UTI - NEONATAL;2024;2;3,1092436974789917
MOV;UTI - NEONATAL;2024;3;3,542056074766355
MOV;UTI - NEONATAL;2024;4;3,2023809523809526
MOV;UTI - NEONATAL;2024;5;2,9195402298850577
MOV;UTI - NEONATAL;2024;6;4,304878048780488
MOV;UTI - NEONATAL;2024;8;11,088235294117647
MOV;UTI - NEONATAL;2024;9;11,621621621621621
MOV;UTI - NEONATAL;2024;10;11,024390243902438
MOV;UTI - NEONATAL;2024;11;14,75
MOV;UTI - NEONATAL;2024;12;11,69767441860465
MOV;UTI - NEONATAL;2025;1;8,737704918032787
MOV;UTI - NEONATAL;2025;2;8,482758620689655
MOV;UTI - NEONATAL;2025;3;12,523809523809524
MOV;UTI - NEONATAL;2025;4;12,512195121951219
MOV;UTI - NEONATAL;2025;5;10,782608695652174
MOV;UTI - NEONATAL;2025;6;9,851851851851851
MOV;UTI - NEONATAL;2025;7;17,225806451612904
MOV;UTI - NEONATAL;2025;8;11,382978723404255
MOV;UTI - NEONATAL;2025;9;8,090909090909092
MOV;UTI - NEONATAL;2025;10;8,73913043478261
MOV;UTI - NEONATAL;2025;11;11,488372093023257
MOV;UTI - NEONATAL;2025;12;13,170731707317072
MOV;UTI - NEONATAL;2026;1;13,875
MOV;UTI - NEONATAL;2026;2;12,142857142857142
MOV;UTI - NEONATAL;2026;3;11,295454545454545
MOV;UTI - NEONATAL;2026;4;15,285714285714286
MOV;UTI - NEONATAL;2026;5;15,121212121212121
MOV;UTI - NEONATAL;2026;6;9,666666666666666
